Word, Frequency, Comment Frequency, Net Score,Ave Score
harry,218,108,1233,11.42
would,272,137,1108,8.09
around,30,25,1028,41.12
3,26,21,948,45.14
like,161,109,896,8.22
robes,2,2,863,431.50
cool,23,23,849,36.91
fair,7,7,830,118.57
movie,10,10,826,82.60
forgot,3,3,811,270.33
starting,2,2,796,398.00
could,116,79,788,9.97
thing,33,29,777,26.79
one,130,95,736,7.75
way,46,40,669,16.73
part,19,18,647,35.94
think,170,96,645,6.72
even,71,59,604,10.24
know,104,78,591,7.58
life,24,22,569,25.86
huge,13,12,536,44.67
mind,13,13,506,38.92
books,64,47,488,10.38
small,13,10,474,47.40
also,64,54,450,8.33
detail,5,5,447,89.40
https,30,20,433,21.65
winds,1,1,423,423.00
catalyst,1,1,423,423.00
blown,2,2,423,211.50
wanted,27,22,410,18.64
seen,21,20,406,20.30
ever,30,28,393,14.04
first,41,31,389,12.55
people,77,52,379,7.29
let,19,17,365,21.47
book,57,42,362,8.62
get,80,60,361,6.02
dumbledore,142,50,354,7.08
well,43,38,348,9.16
series,36,26,345,13.27
probably,27,24,345,14.38
snape,161,38,338,8.89
thought,39,37,334,9.03
time,60,46,325,7.07
voldemort,92,38,320,8.42
really,68,56,319,5.70
gt,46,25,310,12.40
much,61,44,308,7.00
right,36,32,306,9.56
something,44,37,292,7.89
put,30,26,291,11.19
potter,50,43,291,6.77
made,47,39,291,7.46
love,54,50,290,5.80
saw,19,16,288,18.00
work,37,31,287,9.26
make,61,46,285,6.20
place,18,16,284,17.75
great,35,29,284,9.79
always,43,38,277,7.29
magic,50,28,275,9.82
house,56,37,273,7.38
finished,12,12,273,22.75
actually,26,22,272,12.36
whole,23,20,266,13.30
said,32,19,261,13.74
still,44,35,254,7.26
sirius,46,25,253,10.12
death,39,24,250,10.42
read,30,24,241,10.04
new,31,28,241,8.61
http,40,37,233,6.30
pretty,24,20,227,11.35
end,32,26,227,8.73
best,24,19,225,11.84
good,54,46,224,4.87
ca,46,37,224,6.05
take,22,19,222,11.68
slytherin,62,33,222,6.73
clock,5,5,222,44.40
year,26,19,218,11.47
away,16,13,218,16.77
years,17,16,217,13.56
post,24,20,217,10.85
sure,22,20,215,10.75
world,34,25,214,8.56
hogwarts,29,22,211,9.59
makes,19,15,209,13.93
however,19,17,209,12.29
parents,9,9,206,22.89
saying,8,8,205,25.63
weasley,12,12,203,16.92
little,22,18,202,11.22
things,39,31,199,6.42
see,37,31,194,6.26
money,10,10,194,19.40
got,35,30,193,6.43
move,9,9,191,21.22
alone,6,6,191,31.83
guys,18,14,190,13.57
family,19,13,185,14.23
arthur,9,8,185,23.13
sense,15,13,184,14.15
went,6,5,182,36.40
though,29,27,180,6.67
oh,11,11,180,16.36
example,14,14,179,12.79
totally,7,7,178,25.43
hope,22,20,178,8.90
since,24,22,177,8.05
look,33,29,176,6.07
muggle,45,25,174,6.96
room,28,11,173,15.73
real,26,22,173,7.86
character,17,14,173,12.36
blood,12,10,173,17.30
looked,12,9,171,19.00
find,30,24,171,7.13
past,7,7,170,24.29
going,31,26,170,6.54
works,5,5,169,33.80
someone,28,19,169,8.89
lot,41,33,169,5.12
eyes,12,9,169,18.78
started,10,9,167,18.56
literally,4,4,167,41.75
found,20,20,167,8.35
molly,11,9,166,18.44
information,29,20,166,8.30
friends,16,13,166,12.77
added,7,7,163,23.29
wizards,30,24,162,6.75
mother,11,10,162,16.20
least,23,22,162,7.36
wizard,21,18,161,8.94
never,31,25,161,6.44
used,17,15,160,10.67
tell,25,17,160,9.41
muggleborns,9,7,160,22.86
hallows,13,13,159,12.23
coolest,2,2,159,79.50
live,16,15,158,10.53
left,11,10,158,15.80
deathly,12,12,158,13.17
muggles,22,19,156,8.21
keep,17,12,156,13.00
came,9,8,156,19.50
realized,5,5,154,30.80
lily,36,13,154,11.85
gryffindor,49,25,154,6.16
say,34,28,153,5.46
living,15,14,152,10.86
kill,19,14,152,10.86
person,37,27,150,5.56
hermione,17,11,150,13.64
movies,28,24,149,6.21
grew,17,11,149,13.55
reading,17,15,147,9.80
different,8,8,146,18.25
given,13,12,144,12.00
james,44,17,143,8.41
home,10,5,143,28.60
go,24,23,143,6.22
next,9,8,141,17.63
shit,10,10,140,14.00
case,10,10,140,14.00
understand,11,8,139,17.38
story,18,15,138,9.20
black,12,10,136,13.60
without,14,12,135,11.25
taking,8,7,134,19.14
maybe,41,33,134,4.06
knowledge,16,14,132,9.43
ginny,14,11,132,12.00
bit,21,19,131,6.89
theory,10,9,130,14.44
last,19,19,130,6.84
1,18,16,130,8.13
fan,7,7,129,18.43
bad,20,19,129,6.79
visit,2,2,128,64.00
using,9,9,128,14.22
thinking,18,16,128,8.00
seems,23,18,128,7.11
ron,16,9,128,14.22
tells,6,6,127,21.17
holy,8,8,127,15.88
believe,17,17,127,7.47
towards,13,9,126,14.00
sorts,6,6,126,21.00
magical,43,23,126,5.48
sell,8,7,125,17.86
everyone,17,13,125,9.62
buy,9,9,125,13.89
able,30,22,125,5.68
second,16,15,124,8.27
must,17,15,123,8.20
show,9,9,122,13.56
anyone,20,18,122,6.78
others,11,11,121,11.00
gotten,7,7,121,17.29
especially,12,11,121,11.00
called,8,8,121,15.13
feel,19,17,120,7.06
day,17,16,120,7.50
ago,8,8,120,15.00
school,7,7,119,17.00
future,8,7,119,17.00
created,7,6,119,19.83
definitely,17,17,118,6.94
talk,19,14,117,8.36
hard,16,15,117,7.80
course,20,18,117,6.50
absolutely,15,15,115,7.67
sorry,16,16,114,7.13
alive,5,5,114,22.80
use,24,19,113,5.95
told,13,10,113,11.30
shut,2,2,113,56.50
might,19,18,113,6.28
heart,6,6,113,18.83
stayed,4,4,112,28.00
man,18,16,112,7.00
hp,12,12,111,9.25
fire,7,6,111,18.50
worth,6,4,110,27.50
wants,10,10,110,11.00
include,3,3,110,36.67
everything,13,12,110,9.17
another,21,18,110,6.11
yes,18,16,109,6.81
jk,13,11,109,9.91
curious,5,5,109,21.80
apart,5,5,109,21.80
old,9,9,108,12.00
goal,3,3,108,36.00
account,3,3,108,36.00
wait,6,6,107,17.83
share,4,4,107,26.75
prison,3,3,107,35.67
pass,6,6,107,17.83
months,4,4,107,26.75
else,16,12,107,8.92
dentist,3,2,107,53.50
stronger,5,5,105,21.00
feeling,10,8,105,13.13
brave,17,11,105,9.55
happened,10,8,104,13.00
strange,1,1,103,103.00
prompted,1,1,103,103.00
eventualities,1,1,103,103.00
wormtail,9,4,102,25.50
subject,16,10,102,10.20
shows,6,6,102,17.00
scene,10,8,102,12.75
possible,15,13,102,7.85
along,11,11,102,9.27
two,15,13,101,7.77
questions,14,13,101,7.77
potions,8,7,101,14.43
moment,14,12,101,8.42
need,28,28,99,3.54
mistake,5,5,99,19.80
childhood,7,5,99,19.80
nothing,17,16,98,6.13
dark,22,14,98,7.00
front,9,9,97,10.78
crepe,5,4,97,24.25
truly,10,9,96,10.67
name,12,10,96,9.60
imagine,19,18,95,5.28
either,9,8,95,11.88
supposed,10,10,94,9.40
point,16,13,94,7.23
plot,6,6,94,15.67
please,15,14,94,6.71
heard,7,7,94,13.43
wonderful,4,4,93,23.25
triumph,7,5,93,18.60
touch,2,2,93,46.50
pureblood,7,7,93,13.29
cut,6,6,93,15.50
behind,7,6,93,15.50
looks,16,14,92,6.57
says,23,13,91,7.00
extra,6,5,91,18.20
every,19,18,91,5.06
couple,8,8,91,11.38
tried,12,9,90,10.00
returned,2,2,90,45.00
graveyard,2,2,90,45.00
better,12,11,90,8.18
torn,4,2,89,44.50
order,22,17,89,5.24
nice,14,14,89,6.36
ahead,2,2,89,44.50
likely,11,9,88,9.78
killing,15,11,88,8.00
keeps,5,4,88,22.00
impressed,4,4,88,22.00
goblet,2,2,88,44.00
edit,12,11,88,8.00
written,5,5,87,17.40
three,9,8,87,10.88
third,7,6,87,14.50
evidence,4,4,87,21.75
easily,3,3,87,29.00
collection,8,8,87,10.88
basilisk,7,5,87,17.40
reason,16,13,86,6.62
peter,17,8,86,10.75
hurting,2,2,86,43.00
seat,2,2,85,42.50
mean,13,10,85,8.50
2,21,18,85,4.72
stop,11,8,84,10.50
rereading,4,3,84,28.00
okay,3,3,84,28.00
gave,12,12,84,7.00
disowned,4,2,84,42.00
glad,3,3,83,27.67
foreshadowing,5,3,83,27.67
five,3,3,83,27.67
almost,13,12,83,6.92
pettigrew,9,8,82,10.25
happy,12,11,82,7.45
fully,5,5,82,16.40
fear,11,9,82,9.11
face,4,4,82,20.50
assuming,6,6,82,13.67
wizarding,13,12,81,6.75
fourth,3,3,81,27.00
lose,6,4,80,20.00
gone,6,5,80,16.00
eye,15,10,80,8.00
contact,7,7,80,11.43
cared,3,3,80,26.67
8,3,3,80,26.67
us,20,17,79,4.65
secret,7,3,79,26.33
may,15,13,79,6.08
laid,2,2,79,39.50
formatting,4,4,79,19.75
enjoyed,5,5,79,15.80
bellatrix,17,6,79,13.17
advance,3,3,79,26.33
trying,14,13,78,6.00
ton,4,4,78,19.50
speculation,3,3,78,26.00
six,2,2,78,39.00
quite,11,10,78,7.80
quickly,2,2,78,39.00
preferred,1,1,78,78.00
form,10,8,78,9.75
follow,5,5,78,15.60
fairly,4,4,78,19.50
coloring,4,4,78,19.50
took,10,9,77,8.56
nearly,10,10,77,7.70
history,7,7,77,11.00
hat,35,11,77,7.00
exclamation,3,3,77,25.67
protect,8,5,76,15.20
ootp,11,11,76,6.91
named,7,5,76,15.20
lets,10,4,76,19.00
imagined,3,3,76,25.33
favorite,9,8,76,9.50
explains,2,2,76,38.00
today,7,7,75,10.71
times,13,12,75,6.25
riddled,2,2,75,37.50
random,4,4,75,18.75
perfect,8,7,75,10.71
number,9,8,75,9.38
informed,3,3,75,25.00
evil,10,7,75,10.71
duel,5,5,75,15.00
details,3,3,75,25.00
deeply,2,2,75,37.50
chamber,15,13,75,5.77
bought,4,3,75,25.00
arrogance,2,2,75,37.50
many,23,19,74,3.89
give,18,15,74,4.93
examples,2,2,74,37.00
done,17,16,74,4.63
classroom,2,2,74,37.00
canon,4,4,74,18.50
blacks,5,3,74,24.67
umbridge,18,16,73,4.56
stood,2,2,73,36.50
somewhere,2,2,73,36.50
sentence,3,3,73,24.33
purge,1,1,73,73.00
judge,4,4,73,18.25
instead,11,10,73,7.30
inefficient,1,1,73,73.00
horcruxes,11,6,73,12.17
hated,12,9,73,8.11
entirely,3,3,73,24.33
chose,6,4,73,18.25
appropriate,2,2,73,36.50
soul,22,10,72,7.20
ran,4,4,72,18.00
purity,2,2,72,36.00
posts,10,6,72,12.00
instant,2,2,72,36.00
slughorn,8,6,71,11.83
showed,2,2,71,35.50
horcrux,11,8,71,8.88
ha,2,2,71,35.50
back,29,25,71,2.84
ambitious,6,4,71,17.75
agree,8,8,71,8.88
weary,1,1,70,70.00
walked,1,1,70,70.00
vehement,1,1,70,70.00
touched,1,1,70,70.00
stretch,1,1,70,70.00
sold,3,3,70,23.33
questioning,1,1,70,70.00
prowess,1,1,70,70.00
protection,1,1,70,70.00
piercing,1,1,70,70.00
mom,3,2,70,35.00
literary,1,1,70,70.00
gleam,1,1,70,70.00
fleeting,1,1,70,70.00
desk,2,1,70,70.00
dagger,1,1,70,70.00
concrete,1,1,70,70.00
buried,1,1,70,70.00
beneath,1,1,70,70.00
arm,2,1,70,70.00
695696,1,1,70,70.00
seem,20,15,69,4.60
points,25,15,69,4.60
percy,9,6,69,11.50
mention,11,11,69,6.27
knew,13,12,69,5.75
january,2,2,69,34.50
hufflepuff,16,13,69,5.31
400,2,2,69,34.50
tumblr,3,3,68,22.67
losing,2,2,68,34.00
help,14,12,68,5.67
comes,10,7,68,9.71
awesome,15,15,68,4.53
traits,13,9,67,7.44
top,8,7,67,9.57
potters,4,4,67,16.75
explain,12,10,67,6.70
die,10,9,67,7.44
anything,12,11,67,6.09
yesterday,1,1,66,66.00
similar,6,6,66,11.00
ransacked,1,1,66,66.00
packed,1,1,66,66.00
later,16,14,66,4.71
kicked,1,1,66,66.00
justgone,1,1,66,66.00
guess,9,8,66,8.25
fun,10,10,66,6.60
eaters,13,10,66,6.60
cover,1,1,66,66.00
continued,1,1,66,66.00
boyfriend,1,1,66,66.00
boxes,1,1,66,66.00
bet,5,5,66,13.20
become,8,8,66,8.25
bawling,1,1,66,66.00
aunt,2,1,66,66.00
attic,2,1,66,66.00
apartment,1,1,66,66.00
amazing,21,21,66,3.14
unless,7,7,65,9.29
thoughts,5,5,65,13.00
suggests,4,4,65,16.25
shared,3,3,65,21.67
reasons,10,8,65,8.13
change,13,12,65,5.42
according,3,3,65,21.67
whether,10,8,64,8.00
want,19,19,64,3.37
knows,17,14,64,4.57
hidden,11,8,64,8.00
hate,15,13,64,4.92
giving,4,4,64,16.00
decided,6,6,64,10.67
sorting,18,11,63,5.73
sort,13,12,63,5.25
known,7,7,63,9.00
interesting,11,10,63,6.30
hell,9,9,63,7.00
hbp,4,4,63,15.75
big,12,12,63,5.25
self,7,6,62,10.33
killed,14,12,62,5.17
included,2,2,62,31.00
call,10,9,62,6.89
biggest,6,6,62,10.33
white,6,5,61,12.20
stuff,13,12,61,5.08
remain,6,5,61,12.20
learn,11,10,61,6.10
feelings,7,6,61,10.17
excitement,1,1,61,61.00
etc,12,10,61,6.10
bunch,3,3,61,20.33
spell,18,15,60,4.00
question,15,14,60,4.29
previous,6,4,60,15.00
nature,6,5,60,12.00
carry,3,3,60,20.00
seven,5,5,59,11.80
problem,7,6,59,9.83
leave,8,8,59,7.38
born,7,7,59,8.43
street,3,3,58,19.33
remember,14,14,58,4.14
practical,1,1,58,58.00
patronus,16,10,58,5.80
lupin,10,9,58,6.44
kidnap,1,1,58,58.00
idea,12,10,58,5.80
children,9,7,58,8.29
value,5,4,57,14.25
tries,7,7,57,8.14
supreme,4,3,57,19.00
ravenclaw,9,6,57,9.50
necessary,7,7,57,8.14
murder,9,7,57,8.14
middle,3,3,57,19.00
founders,7,6,57,9.50
choice,7,6,57,9.50
artificial,4,4,57,14.25
act,8,4,57,14.25
uses,8,7,56,8.00
sounds,10,6,56,9.33
retain,3,3,56,18.67
quote,8,7,56,8.00
father,12,9,56,6.22
stone,10,9,55,6.11
stay,16,9,55,6.11
kind,14,12,55,4.58
goes,10,9,55,6.11
friend,11,10,55,5.50
descendants,3,2,55,27.50
became,7,6,55,9.17
wrote,2,2,54,27.00
throughout,6,5,54,10.80
severus,4,4,54,13.50
lord,9,6,54,9.00
films,8,5,54,10.80
completely,5,5,54,10.80
chapter,11,9,54,6.00
caring,2,2,54,27.00
basically,11,9,54,6.00
working,8,8,53,6.63
try,13,13,53,4.08
speaking,4,4,53,13.25
related,7,7,53,7.57
print,5,5,53,10.60
ought,2,2,53,26.50
getting,15,15,53,3.53
felinetongues,2,2,53,26.50
animagus,5,4,53,13.25
words,4,4,52,13.00
watch,4,4,52,13.00
uncle,1,1,52,52.00
thread,5,5,52,10.40
theoretically,1,1,52,52.00
squib,1,1,52,52.00
putting,6,6,52,8.67
lupins,1,1,52,52.00
less,10,10,52,5.20
greatuncle,1,1,52,52.00
greatgreatuncle,1,1,52,52.00
gentleman,2,1,52,52.00
fit,6,5,52,10.40
attend,1,1,52,52.00
whatever,5,5,51,10.20
snakes,3,3,51,17.00
sad,9,6,51,8.50
malfoy,11,9,51,5.67
learned,4,3,51,17.00
jkr,5,5,51,10.20
gets,6,6,51,8.50
eater,5,3,51,17.00
dh,5,4,51,12.75
code,2,2,51,25.50
voice,2,2,50,25.00
users,2,2,50,25.00
secrets,12,10,50,5.00
mostly,8,6,50,8.33
manipulate,6,3,50,16.67
hurts,2,2,50,25.00
cunning,8,6,50,8.33
convenience,2,2,50,25.00
possibly,4,4,49,12.25
lockhart,5,4,49,12.25
job,12,10,49,4.90
images,5,3,49,16.33
footnotes,4,4,49,12.25
far,11,10,49,4.90
enough,16,15,49,3.27
weeks,3,3,48,16.00
suggest,5,5,48,9.60
referenced,2,2,48,24.00
often,7,7,48,6.86
natural,6,5,48,9.60
mobile,2,2,48,24.00
loyalty,7,4,48,12.00
joke,2,2,48,24.00
important,10,8,48,6.00
forget,7,7,48,6.86
felt,14,10,48,4.80
dolores,4,4,48,12.00
wife,3,3,47,15.67
utbornottb3,2,2,47,23.50
summon,5,3,47,15.67
rules,7,7,47,6.71
quidditch,12,7,47,6.71
potion,7,4,47,11.75
oxymoron,1,1,47,47.00
link,5,5,47,9.40
ifttt,2,2,47,23.50
houses,11,8,47,5.88
giggled,1,1,47,47.00
forced,3,3,47,15.67
deep,5,5,47,9.40
close,4,4,47,11.75
whose,4,4,46,11.50
welcome,7,7,46,6.57
turned,5,5,46,9.20
throwaway,1,1,46,46.00
thinks,9,6,46,7.67
overthinking,1,1,46,46.00
main,4,4,46,11.50
long,9,9,46,5.11
list,4,3,46,15.33
head,13,12,46,3.83
giant,2,2,46,23.00
destroyed,9,8,46,5.75
beyond,4,4,46,11.50
yet,13,12,45,3.75
wo,9,9,45,5.00
reread,5,5,45,9.00
obviously,8,8,45,5.63
motives,3,3,45,15.00
involved,3,3,45,15.00
hide,5,4,45,11.25
earth,7,6,45,7.50
died,12,11,45,4.09
comment,3,3,45,15.00
although,8,8,45,5.63
xpost,1,1,44,44.00
split,4,4,44,11.00
smell,3,3,44,14.67
runes,7,6,44,7.33
rdiy,1,1,44,44.00
potterinspired,1,1,44,44.00
originalpostsearcher,1,1,44,44.00
mercy,3,3,44,14.67
means,10,10,44,4.40
kept,6,5,44,8.80
goosebumps,5,5,44,8.80
faq,2,1,44,44.00
emotions,7,5,44,8.80
doubt,7,7,44,6.29
curse,9,8,44,5.50
coward,5,5,44,8.80
bot,1,1,44,44.00
asking,4,4,44,11.00
actions,7,5,44,8.80
tree,4,3,43,14.33
trait,5,5,43,8.60
symbols,12,5,43,8.60
spells,9,7,43,6.14
sat,2,2,43,21.50
rights,3,3,43,14.33
p,6,6,43,7.17
interjected,2,2,43,21.50
fact,14,13,43,3.31
dragon,6,6,43,7.17
damn,8,8,43,5.38
calories,1,1,43,43.00
air,3,3,43,14.33
394,1,1,43,43.00
together,11,9,42,4.67
threat,3,3,42,14.00
therefore,3,3,42,14.00
situation,4,4,42,10.50
side,14,10,42,4.20
retroactive,2,2,42,21.00
pt,3,3,42,14.00
original,10,8,42,5.25
ministry,17,12,42,3.50
meant,4,4,42,10.50
longer,4,4,42,10.50
harm,5,5,42,8.40
half,7,7,42,6.00
experience,6,5,42,8.40
come,12,11,42,3.82
tired,4,4,41,10.25
start,11,10,41,4.10
published,4,4,41,10.25
proper,3,3,41,13.67
prime,25,7,41,5.86
opinion,8,8,41,5.13
notice,6,5,41,8.20
kinda,11,5,41,8.20
god,13,9,41,4.56
film,6,5,41,8.20
excuse,6,5,41,8.20
ear,3,3,41,13.67
defense,3,3,41,13.67
betray,3,3,41,13.67
answer,14,13,41,3.15
already,13,13,41,3.15
yeah,7,6,40,6.67
tweets,2,2,40,20.00
turn,6,5,40,8.00
team,6,4,40,10.00
portraits,14,3,40,13.33
portrait,7,3,40,13.33
petunia,5,3,40,13.33
making,10,8,40,5.00
lies,6,4,40,10.00
kayne,1,1,40,40.00
issue,6,5,40,8.00
immortality,3,2,40,20.00
halfblood,5,3,40,13.33
demons,1,1,40,40.00
creating,3,3,40,13.33
correctly,1,1,40,40.00
control,4,4,40,10.00
considering,5,5,40,8.00
characters,15,13,40,3.08
changes,5,5,40,8.00
anyway,7,6,40,6.67
allows,1,1,40,40.00
voldy,3,3,39,13.00
topic,1,1,39,39.00
text,4,4,39,9.75
polymorph,1,1,39,39.00
nose,1,1,39,39.00
nerdy,1,1,39,39.00
midnight,2,2,39,19.50
mentioned,7,7,39,5.57
listed,5,5,39,7.80
lights,1,1,39,39.00
leds,1,1,39,39.00
lady,2,2,39,19.50
kills,2,2,39,19.50
justify,1,1,39,39.00
ill,1,1,39,39.00
hooked,1,1,39,39.00
hero,4,4,39,9.75
headmaster,6,2,39,19.50
expecting,1,1,39,39.00
diffuse,1,1,39,39.00
childish,1,1,39,39.00
chance,6,6,39,6.50
certain,8,7,39,5.57
cause,5,5,39,7.80
britain,3,3,39,13.00
TRUE,6,6,38,6.33
terrible,7,6,38,6.33
taste,2,2,38,19.00
sleeping,1,1,38,38.00
powerful,8,6,38,6.33
plays,3,3,38,12.67
password,1,1,38,38.00
otherwise,8,6,38,6.33
magically,2,2,38,19.00
lol,10,10,38,3.80
favour,5,4,38,9.50
court,5,3,38,12.67
corridor,1,1,38,38.00
cat,4,4,38,9.50
ancient,5,5,38,7.60
week,12,9,37,4.11
send,9,9,37,4.11
professor,5,4,37,9.25
prince,3,2,37,18.50
power,16,11,37,3.36
pieces,2,2,37,18.50
parseltongue,11,6,37,6.17
ones,11,9,37,4.11
office,8,7,37,5.29
merlin,14,11,37,3.36
logical,2,2,37,18.50
letters,3,3,37,12.33
grimmauld,6,5,37,7.40
gives,7,6,37,6.17
fudge,19,6,37,6.17
figure,5,5,37,7.40
cos,5,5,37,7.40
continue,4,4,37,9.25
clear,4,4,37,9.25
calls,3,3,37,12.33
argued,4,4,37,9.25
wrong,12,11,36,3.27
waft,1,1,36,36.00
type,8,8,36,4.50
sudden,1,1,36,36.00
smells,1,1,36,36.00
sign,4,3,36,12.00
several,4,3,36,12.00
readhappy,1,1,36,36.00
punishing,2,2,36,18.00
posted,12,9,36,4.00
plan,12,5,36,7.20
piece,8,6,36,6.00
picked,1,1,36,36.00
joined,1,1,36,36.00
hang,1,1,36,36.00
glasses,3,3,36,12.00
flowery,1,1,36,36.00
dungeon,1,1,36,36.00
defending,3,3,36,12.00
dead,13,9,36,4.00
asks,7,7,36,5.14
amortentia,3,1,36,36.00
192,1,1,36,36.00
11,6,4,36,9.00
wild,1,1,35,35.00
violation,5,4,35,8.75
upon,5,5,35,7.00
swear,5,4,35,8.75
run,6,6,35,5.83
role,7,7,35,5.00
rodentiatongues,1,1,35,35.00
regrettably,1,1,35,35.00
reddit,1,1,35,35.00
push,2,2,35,17.50
parseltongues,2,1,35,35.00
par,1,1,35,35.00
nonsense,1,1,35,35.00
looking,10,9,35,3.89
language,8,6,35,5.83
irrational,1,1,35,35.00
interpretations,1,1,35,35.00
interest,4,3,35,11.67
happen,8,8,35,4.38
genetics,1,1,35,35.00
forever,5,5,35,7.00
fighting,5,5,35,7.00
explore,1,1,35,35.00
elsewhere,1,1,35,35.00
deatheater,1,1,35,35.00
counted,1,1,35,35.00
college,2,2,35,17.50
aviriatoungues,1,1,35,35.00
attenuated,1,1,35,35.00
astrology,2,2,35,17.50
asides,1,1,35,35.00
artistic,1,1,35,35.00
anymore,4,4,35,8.75
actual,6,6,35,5.83
12,8,8,35,4.38
wanting,7,7,34,4.86
supposedly,2,2,34,17.00
spelled,2,2,34,17.00
selfless,3,3,34,11.33
purpose,4,4,34,8.50
obvious,9,8,34,4.25
needs,11,9,34,3.78
horribly,3,3,34,11.33
happens,4,3,34,11.33
exactly,10,9,34,3.78
element,4,4,34,8.50
circumstances,3,3,34,11.33
young,4,4,33,8.25
values,10,3,33,11.00
sun,3,2,33,16.50
spectacle,1,1,33,33.00
simon,1,1,33,33.00
result,3,3,33,11.00
photos,1,1,33,33.00
pairs,1,1,33,33.00
murray,1,1,33,33.00
moved,3,3,33,11.00
mine,8,7,33,4.71
maker,1,1,33,33.00
lives,7,6,33,5.50
light,3,3,33,11.00
lesser,4,4,33,8.25
imgurcomazlkyh,1,1,33,33.00
huh,1,1,33,33.00
ghost,6,5,33,6.60
fat,2,2,33,16.50
earn,6,3,33,11.00
credit,5,4,33,8.25
chart,3,3,33,11.00
becomes,4,4,33,8.25
allowed,4,4,33,8.25
2002,1,1,33,33.00
ways,4,4,32,8.00
vernon,3,2,32,16.00
teach,7,4,32,8.00
rips,3,3,32,10.67
pictureperfect,1,1,32,32.00
philosopher,2,2,32,16.00
open,9,7,32,4.57
neither,4,3,32,10.67
loyal,3,3,32,10.67
ironic,1,1,32,32.00
general,2,2,32,16.00
favourite,5,4,32,8.00
escape,3,3,32,10.67
embarrassed,1,1,32,32.00
driving,2,2,32,16.00
caught,6,5,32,6.40
bravery,5,4,32,8.00
belong,3,2,32,16.00
aside,3,3,32,10.67
adult,4,3,32,10.67
within,5,5,31,6.20
trouble,4,4,31,7.75
talks,7,4,31,7.75
stunning,3,3,31,10.33
riddle,7,6,31,5.17
remus,8,6,31,5.17
protecting,3,3,31,10.33
position,5,5,31,6.20
phone,4,4,31,7.75
phoenix,7,7,31,4.43
perhaps,6,6,31,5.17
matter,8,7,31,4.43
lost,8,8,31,3.88
helped,4,4,31,7.75
furious,2,2,31,15.50
double,3,3,31,10.33
detention,3,3,31,10.33
crazy,6,5,31,6.20
ask,10,8,31,3.88
watched,6,6,30,5.00
wand,5,5,30,6.00
taught,5,5,30,6.00
sub,3,3,30,10.00
somehow,4,4,30,7.50
slytherins,3,2,30,15.00
simply,9,9,30,3.33
seeing,9,9,30,3.33
regret,2,2,30,15.00
rather,6,6,30,5.00
presume,4,4,30,7.50
path,3,3,30,10.00
mistakes,3,3,30,10.00
merely,3,3,30,10.00
lucius,5,3,30,10.00
hold,4,4,30,7.50
design,3,3,30,10.00
compared,2,2,30,15.00
cast,4,4,30,7.50
bottom,5,5,30,6.00
bakery,1,1,30,30.00
attitude,6,4,30,7.50
area,5,5,30,6.00
united,3,3,29,9.67
trust,4,4,29,7.25
til,3,3,29,9.67
talked,4,3,29,9.67
takes,8,8,29,3.63
stand,4,4,29,7.25
smart,8,4,29,7.25
revealed,7,5,29,5.80
quick,4,4,29,7.25
plenty,4,3,29,9.67
pick,4,4,29,7.25
night,5,5,29,5.80
necessarily,4,4,29,7.25
nagini,3,3,29,9.67
moments,2,2,29,14.50
memories,6,6,29,4.83
hagrid,9,5,29,5.80
final,4,3,29,9.67
excellent,6,6,29,4.83
exact,5,5,29,5.80
divination,1,1,29,29.00
descriptions,2,2,29,14.50
defend,5,3,29,9.67
damage,4,4,29,7.25
courageous,5,3,29,9.67
bitterness,1,1,29,29.00
astronomy,3,3,29,9.67
witches,4,4,28,7.00
wasnt,2,2,28,14.00
surprise,3,3,28,9.33
students,18,9,28,3.11
specifically,4,4,28,7.00
selfpreservation,2,2,28,14.00
responsible,2,2,28,14.00
ps,4,2,28,14.00
precious,2,2,28,14.00
page,11,10,28,2.80
near,6,6,28,4.67
misery,4,4,28,7.00
likes,5,3,28,9.33
led,3,2,28,14.00
jo,5,3,28,9.33
innocent,3,3,28,9.33
handed,2,2,28,14.00
draco,16,7,28,4.00
diary,4,4,28,7.00
despite,7,5,28,5.60
confirms,3,3,28,9.33
comfortable,3,3,28,9.33
bring,8,7,28,4.00
awful,5,5,28,5.60
attacked,3,3,28,9.33
10,7,6,28,4.67
wonder,7,7,27,3.86
vance,3,2,27,13.50
v,3,3,27,9.00
tons,2,2,27,13.50
synopsis,2,2,27,13.50
spite,2,2,27,13.50
seriously,5,5,27,5.40
risks,2,2,27,13.50
regime,2,2,27,13.50
recent,5,3,27,9.00
quotable,2,2,27,13.50
poi,2,2,27,13.50
placed,5,3,27,9.00
personally,5,5,27,5.40
painting,9,5,27,5.40
opened,5,5,27,5.40
meet,3,2,27,13.50
line,6,5,27,5.40
law,8,5,27,5.40
incredible,2,2,27,13.50
hint,2,2,27,13.50
haha,4,4,27,6.75
greatest,5,4,27,6.75
emmeline,3,2,27,13.50
daring,2,2,27,13.50
dada,5,4,27,6.75
cuts,3,3,27,9.00
contained,2,2,27,13.50
based,6,4,27,6.75
avada,3,3,27,9.00
ambition,9,4,27,6.75
youth,1,1,26,26.00
weasly,1,1,26,26.00
truth,8,4,26,6.50
tend,4,3,26,8.67
suit,1,1,26,26.00
spy,6,2,26,13.00
smartest,3,3,26,8.67
shame,1,1,26,26.00
shall,2,2,26,13.00
reminded,2,2,26,13.00
object,9,7,26,3.71
minute,3,3,26,8.67
memory,6,4,26,6.50
manipulative,1,1,26,26.00
leader,6,4,26,6.50
kids,3,3,26,8.67
inside,6,5,26,5.20
impression,2,2,26,13.00
hatred,2,2,26,13.00
hand,8,8,26,3.25
gryndelvald,1,1,26,26.00
gamble,2,2,26,13.00
dude,2,2,26,13.00
dementors,6,4,26,6.50
cupboard,2,2,26,13.00
cho,3,3,26,8.67
changed,10,9,26,2.89
chang,3,3,26,8.67
bullying,3,3,26,8.67
bones,6,5,26,5.20
arithmancy,2,2,26,13.00
age,3,3,26,8.67
affect,2,2,26,13.00
2016,3,3,26,8.67
word,3,3,25,8.33
vow,15,3,25,8.33
unlike,2,2,25,12.50
unbreakable,10,3,25,8.33
traveled,1,1,25,25.00
tournament,3,3,25,8.33
teachinglike,1,1,25,25.00
spinner,3,3,25,8.33
son,4,3,25,8.33
soit,1,1,25,25.00
resented,3,3,25,8.33
relatively,1,1,25,25.00
protective,1,1,25,25.00
popular,4,4,25,6.25
planets,2,2,25,12.50
paintings,1,1,25,25.00
non,2,2,25,12.50
naps,1,1,25,25.00
murdered,4,4,25,6.25
messengers,1,1,25,25.00
member,6,6,25,4.17
lots,1,1,25,25.00
loathed,1,1,25,25.00
knight,1,1,25,25.00
instructed,1,1,25,25.00
iimgurcom9qnvcqrpng,1,1,25,25.00
hiding,3,3,25,8.33
headmasters,3,1,25,25.00
george,5,5,25,5.00
functioning,1,1,25,25.00
full,2,1,25,25.00
fox,2,2,25,12.50
faculties,1,1,25,25.00
experimentation,1,1,25,25.00
enjoy,6,5,25,5.00
dying,5,5,25,5.00
dumbledorable,1,1,25,25.00
dies,5,4,25,6.25
despicable,1,1,25,25.00
considers,4,3,25,8.33
considered,5,5,25,5.00
class,5,4,25,6.25
brother,8,7,25,3.57
appears,1,1,25,25.00
amp,4,4,25,6.25
traitor,3,3,24,8.00
supporters,2,2,24,12.00
rita,3,3,24,8.00
pottermore,5,5,24,4.80
pensieve,1,1,24,24.00
pattern,1,1,24,24.00
overly,2,2,24,12.00
misspelled,1,1,24,24.00
lead,2,2,24,12.00
kedavra,2,2,24,12.00
harder,3,3,24,8.00
fantastic,4,4,24,6.00
familiar,2,2,24,12.00
ended,8,7,24,3.43
edge,1,1,24,24.00
easier,4,4,24,6.00
doesnt,3,2,24,12.00
defeated,3,3,24,8.00
attempt,4,4,24,6.00
astrological,1,1,24,24.00
associate,3,3,24,8.00
animal,8,8,24,3.00
angry,2,2,24,12.00
afraid,7,4,24,6.00
wondered,7,6,23,3.83
wizardswitches,1,1,23,23.00
witnesses,2,2,23,11.50
wish,11,11,23,2.09
wide,2,2,23,11.50
vital,3,3,23,7.67
victory,3,3,23,7.67
unprovable,1,1,23,23.00
unconscious,1,1,23,23.00
trusts,2,2,23,11.50
surprised,4,3,23,7.67
support,3,3,23,7.67
stolen,4,4,23,5.75
spinners,3,2,23,11.50
specifies,1,1,23,23.00
source,2,2,23,11.50
sorted,5,5,23,4.60
revenge,1,1,23,23.00
released,3,3,23,7.67
reflected,1,1,23,23.00
process,5,4,23,5.75
premeditated,1,1,23,23.00
prejudices,1,1,23,23.00
physically,2,2,23,11.50
pain,3,3,23,7.67
official,2,2,23,11.50
mystery,2,2,23,11.50
muggleborn,7,7,23,3.29
mr,3,3,23,7.67
mode,1,1,23,23.00
mocking,2,2,23,11.50
mock,2,2,23,11.50
misunderstood,1,1,23,23.00
mass,1,1,23,23.00
malice,1,1,23,23.00
lying,3,2,23,11.50
knocking,1,1,23,23.00
justification,1,1,23,23.00
intended,1,1,23,23.00
ineffective,1,1,23,23.00
hire,4,3,23,7.67
group,3,3,23,7.67
grindelwald,3,3,23,7.67
gaps,1,1,23,23.00
game,6,4,23,5.75
fred,6,5,23,4.60
frank,2,2,23,11.50
four,4,4,23,5.75
feared,1,1,23,23.00
enjoys,6,2,23,11.50
door,3,2,23,11.50
debate,3,3,23,7.67
committing,1,1,23,23.00
committed,1,1,23,23.00
charm,6,6,23,3.83
burnings,1,1,23,23.00
borns,1,1,23,23.00
bigot,3,2,23,11.50
believed,3,3,23,7.67
behave,3,3,23,7.67
amused,3,2,23,11.50
america,3,3,23,7.67
agent,2,2,23,11.50
vows,2,2,22,11.00
utterly,2,2,22,11.00
tricked,2,2,22,11.00
tattoo,6,5,22,4.40
surgical,1,1,22,22.00
supersede,2,2,22,11.00
skeeter,3,2,22,11.00
salazar,14,6,22,3.67
rip,3,3,22,7.33
recall,1,1,22,22.00
president,4,2,22,11.00
options,2,2,22,11.00
operator,1,1,22,22.00
offered,2,2,22,11.00
obligation,2,2,22,11.00
note,5,5,22,4.40
multiple,6,6,22,3.67
mugglestyle,1,1,22,22.00
matured,2,2,22,11.00
mature,2,2,22,11.00
keeper,3,3,22,7.33
indicating,1,1,22,22.00
indicates,2,2,22,11.00
inconsistencies,1,1,22,22.00
incantation,2,2,22,11.00
im,3,3,22,7.33
hogsmeade,2,2,22,11.00
helps,5,3,22,7.33
guy,11,10,22,2.20
former,5,5,22,4.40
equally,2,2,22,11.00
early,6,6,22,3.67
diagon,1,1,22,22.00
dentistry,2,1,22,22.00
dental,1,1,22,22.00
conflict,2,2,22,11.00
coincides,2,2,22,11.00
bullies,2,2,22,11.00
brilliant,8,7,22,3.14
boss,2,2,22,11.00
avoid,3,3,22,7.33
arose,2,2,22,11.00
alley,1,1,22,22.00
ability,5,5,22,4.40
yea,2,2,21,10.50
witch,2,2,21,10.50
werewolf,2,2,21,10.50
ta,7,5,21,4.20
selves,2,2,21,10.50
reveal,2,2,21,10.50
requirement,11,3,21,7.00
posting,2,2,21,10.50
portrayal,2,2,21,10.50
portion,2,2,21,10.50
ordered,2,2,21,10.50
opponent,2,2,21,10.50
narcissa,11,2,21,10.50
mirror,13,5,21,4.20
meaning,3,3,21,7.00
mad,6,5,21,4.20
loved,12,7,21,3.00
located,2,2,21,10.50
late,5,3,21,7.00
killer,2,2,21,10.50
keepers,2,2,21,10.50
intent,2,2,21,10.50
ink,4,4,21,5.25
image,2,2,21,10.50
hq,4,2,21,10.50
horrible,8,6,21,3.50
highly,2,2,21,10.50
famous,2,2,21,10.50
extreme,2,2,21,10.50
expects,2,2,21,10.50
equal,2,2,21,10.50
enemy,2,2,21,10.50
dislike,3,2,21,10.50
discovered,2,2,21,10.50
damaged,2,2,21,10.50
cup,6,5,21,4.20
copy,5,4,21,5.25
consult,2,2,21,10.50
community,2,2,21,10.50
catches,2,2,21,10.50
castle,4,2,21,10.50
care,7,7,21,3.00
capturing,2,2,21,10.50
brought,2,2,21,10.50
breaking,3,2,21,10.50
body,4,3,21,7.00
author,2,2,21,10.50
article,7,6,21,3.50
animals,7,5,21,4.20
15,3,3,21,7.00
worry,1,1,20,20.00
whilst,1,1,20,20.00
welcomes,1,1,20,20.00
weakness,2,1,20,20.00
wave,2,2,20,10.00
village,1,1,20,20.00
vermin,1,1,20,20.00
verbose,1,1,20,20.00
verbally,2,1,20,20.00
vault,1,1,20,20.00
unwittingly,1,1,20,20.00
unplottable,1,1,20,20.00
unnecessary,1,1,20,20.00
unlikely,1,1,20,20.00
trusting,1,1,20,20.00
towns,1,1,20,20.00
town,2,2,20,10.00
toward,1,1,20,20.00
tom,5,4,20,5.00
timmy,1,1,20,20.00
task,2,1,20,20.00
sustained,1,1,20,20.00
suspicious,1,1,20,20.00
surely,5,5,20,4.00
suited,3,3,20,6.67
sucking,1,1,20,20.00
succeeds,2,1,20,20.00
stormed,1,1,20,20.00
stem,2,1,20,20.00
staircase,1,1,20,20.00
spying,2,1,20,20.00
speculated,1,1,20,20.00
sons,2,1,20,20.00
snake,5,3,20,6.67
siruis,1,1,20,20.00
sincere,1,1,20,20.00
sacrifice,1,1,20,20.00
route,1,1,20,20.00
risk,1,1,20,20.00
rickman,2,1,20,20.00
rharrypotter,3,3,20,6.67
relapse,1,1,20,20.00
referring,1,1,20,20.00
referred,1,1,20,20.00
rationalised,1,1,20,20.00
rationalise,1,1,20,20.00
psychotic,1,1,20,20.00
proceedings,1,1,20,20.00
pretending,1,1,20,20.00
pretence,1,1,20,20.00
predominantly,1,1,20,20.00
possess,1,1,20,20.00
positive,1,1,20,20.00
picks,1,1,20,20.00
partially,1,1,20,20.00
offended,1,1,20,20.00
nowhere,1,1,20,20.00
neglect,1,1,20,20.00
negative,2,1,20,20.00
mundungus,4,4,20,5.00
mission,1,1,20,20.00
misjudges,1,1,20,20.00
misdirect,1,1,20,20.00
measures,1,1,20,20.00
loselose,1,1,20,20.00
lords,1,1,20,20.00
lie,2,1,20,20.00
leadership,1,1,20,20.00
laws,3,3,20,6.67
keeping,6,6,20,3.33
joy,2,2,20,10.00
jealousy,2,1,20,20.00
interaction,1,1,20,20.00
intact,2,2,20,10.00
insulting,1,1,20,20.00
injury,1,1,20,20.00
initiative,1,1,20,20.00
infighting,1,1,20,20.00
hurt,3,2,20,10.00
hurdle,1,1,20,20.00
hung,2,2,20,10.00
hotel,1,1,20,20.00
honoured,1,1,20,20.00
honorary,1,1,20,20.00
gripes,1,1,20,20.00
grey,1,1,20,20.00
gain,1,1,20,20.00
fulfil,1,1,20,20.00
forgetting,1,1,20,20.00
field,5,3,20,6.67
failed,1,1,20,20.00
fail,1,1,20,20.00
event,1,1,20,20.00
entrusted,1,1,20,20.00
engineered,1,1,20,20.00
effective,1,1,20,20.00
educate,1,1,20,20.00
dunghill,1,1,20,20.00
doe,5,4,20,5.00
display,1,1,20,20.00
disobey,1,1,20,20.00
depth,3,3,20,6.67
denied,1,1,20,20.00
deed,1,1,20,20.00
deal,4,4,20,5.00
curry,1,1,20,20.00
cultivate,1,1,20,20.00
crumbles,1,1,20,20.00
counting,1,1,20,20.00
cookie,2,2,20,10.00
consider,4,3,20,6.67
consequences,1,1,20,20.00
congress,2,2,20,10.00
conceal,1,1,20,20.00
competition,1,1,20,20.00
cokeworth,1,1,20,20.00
cloaked,1,1,20,20.00
claiming,1,1,20,20.00
cissy,1,1,20,20.00
chooses,1,1,20,20.00
charlie,1,1,20,20.00
causes,1,1,20,20.00
cases,1,1,20,20.00
cares,1,1,20,20.00
carefully,1,1,20,20.00
capable,1,1,20,20.00
burn,1,1,20,20.00
bluff,1,1,20,20.00
bella,9,1,20,20.00
behavior,4,3,20,6.67
barbaric,1,1,20,20.00
badgood,1,1,20,20.00
arrive,2,1,20,20.00
apply,3,3,20,6.67
appearing,1,1,20,20.00
apparently,6,5,20,4.00
alan,1,1,20,20.00
admit,2,1,20,20.00
achieved,1,1,20,20.00
abuse,1,1,20,20.00
16,1,1,20,20.00
wow,9,9,19,2.11
uncomfortably,1,1,19,19.00
ultimately,4,4,19,4.75
summary,1,1,19,19.00
style,6,6,19,3.17
standard,2,2,19,9.50
spoken,1,1,19,19.00
splitting,1,1,19,19.00
spin,1,1,19,19.00
speak,6,5,19,3.80
soon,4,4,19,4.75
slow,2,2,19,9.50
shameless,1,1,19,19.00
selfpreserving,1,1,19,19.00
selfishly,1,1,19,19.00
seemingly,2,2,19,9.50
sealed,1,1,19,19.00
representation,2,2,19,9.50
reporter,1,1,19,19.00
quotes,1,1,19,19.00
profit,1,1,19,19.00
pretend,1,1,19,19.00
peril,4,4,19,4.75
particular,5,5,19,3.80
nuts,1,1,19,19.00
neville,5,5,19,3.80
naturally,4,3,19,6.33
murders,1,1,19,19.00
mortal,4,4,19,4.75
momentthere,1,1,19,19.00
missorted,1,1,19,19.00
lacking,1,1,19,19.00
kidding,2,2,19,9.50
irritating,1,1,19,19.00
invented,2,2,19,9.50
introverted,1,1,19,19.00
interview,1,1,19,19.00
insightful,2,2,19,9.50
input,1,1,19,19.00
imply,2,1,19,19.00
implies,3,3,19,6.33
humiliation,1,1,19,19.00
grim,3,3,19,6.33
forward,3,3,19,6.33
finally,2,2,19,9.50
feels,7,6,19,3.17
encase,1,1,19,19.00
easy,5,5,19,3.80
drove,1,1,19,19.00
drive,1,1,19,19.00
dont,7,6,19,3.17
determine,1,1,19,19.00
defence,1,1,19,19.00
decidedly,1,1,19,19.00
cynical,1,1,19,19.00
correlates,1,1,19,19.00
commiting,1,1,19,19.00
cliche,1,1,19,19.00
clearly,3,3,19,6.33
bypass,1,1,19,19.00
bullshit,1,1,19,19.00
brooms,2,2,19,9.50
bold,1,1,19,19.00
blue,3,3,19,6.33
blame,3,3,19,6.33
believing,2,2,19,9.50
aware,4,4,19,4.75
asked,7,7,19,2.71
arguments,1,1,19,19.00
annoying,1,1,19,19.00
allknowing,1,1,19,19.00
advantage,1,1,19,19.00
achieve,2,2,19,9.50
4,6,6,19,3.17
worse,5,4,18,4.50
weird,4,3,18,6.00
unfortunately,3,3,18,6.00
technology,3,3,18,6.00
statement,2,2,18,9.00
sister,3,3,18,6.00
rows,1,1,18,18.00
remorse,3,2,18,9.00
occlumency,4,3,18,6.00
ms,1,1,18,18.00
moving,3,3,18,6.00
join,5,5,18,3.60
human,3,3,18,6.00
handle,4,4,18,4.50
follower,1,1,18,18.00
filch,1,1,18,18.00
figg,1,1,18,18.00
drop,2,2,18,9.00
dog,3,3,18,6.00
deserve,2,2,18,9.00
decide,2,2,18,9.00
confirmed,2,2,18,9.00
casual,1,1,18,18.00
andor,2,2,18,9.00
althought,1,1,18,18.00
withered,2,2,17,8.50
weasleys,3,3,17,5.67
valued,4,1,17,17.00
underage,3,3,17,5.67
total,4,3,17,5.67
teller,1,1,17,17.00
status,2,2,17,8.50
single,1,1,17,17.00
runs,3,3,17,5.67
remains,2,2,17,8.50
relearning,1,1,17,17.00
regardless,3,2,17,8.50
reform,1,1,17,17.00
redditortongues,1,1,17,17.00
ready,2,2,17,8.50
puberty,1,1,17,17.00
popularity,2,2,17,8.50
piss,1,1,17,17.00
mcgonagalldumbledore,1,1,17,17.00
loves,3,3,17,5.67
journey,5,4,17,4.25
improved,1,1,17,17.00
idolized,1,1,17,17.00
hunt,2,2,17,8.50
guts,1,1,17,17.00
goals,2,1,17,17.00
fulfilling,1,1,17,17.00
fortune,1,1,17,17.00
followed,1,1,17,17.00
fans,3,3,17,5.67
fame,2,2,17,8.50
experts,1,1,17,17.00
everywhere,1,1,17,17.00
eat,2,2,17,8.50
criticized,1,1,17,17.00
confiscated,1,1,17,17.00
bans,1,1,17,17.00
argue,3,2,17,8.50
abusing,1,1,17,17.00
5,5,5,17,3.40
14,1,1,17,17.00
yall,3,3,16,5.33
wondering,4,4,16,4.00
war,5,3,16,5.33
wall,9,5,16,3.20
villainsympathising,1,1,16,16.00
villain,1,1,16,16.00
valentine,4,4,16,4.00
unfair,2,2,16,8.00
typical,1,1,16,16.00
twitter,2,2,16,8.00
trump,1,1,16,16.00
train,4,4,16,4.00
thousands,3,3,16,5.33
sweet,4,3,16,5.33
stated,3,2,16,8.00
skills,3,3,16,5.33
sit,2,2,16,8.00
sent,2,2,16,8.00
saved,2,2,16,8.00
politics,3,3,16,5.33
plans,3,2,16,8.00
personal,3,3,16,5.33
outside,5,5,16,3.20
opportunity,3,3,16,5.33
nazis,1,1,16,16.00
nah,1,1,16,16.00
muslims,1,1,16,16.00
minister,27,7,16,2.29
mentions,5,4,16,4.00
major,2,2,16,8.00
large,3,3,16,5.33
jews,1,1,16,16.00
irl,1,1,16,16.00
immediately,2,2,16,8.00
honest,5,5,16,3.20
hermes,11,3,16,5.33
godwinning,1,1,16,16.00
ghostly,2,2,16,8.00
germany,1,1,16,16.00
foreigners,1,1,16,16.00
fight,4,3,16,5.33
events,5,3,16,5.33
discuss,5,4,16,4.00
dad,3,2,16,8.00
cursed,4,4,16,4.00
current,7,7,16,2.29
cries,2,2,16,8.00
covers,3,3,16,5.33
colour,1,1,16,16.00
choosing,2,2,16,8.00
casts,4,4,16,4.00
brown,1,1,16,16.00
boggart,7,5,16,3.20
bnp,1,1,16,16.00
bigots,1,1,16,16.00
bigoted,1,1,16,16.00
basic,5,4,16,4.00
barely,4,4,16,4.00
banishing,1,1,16,16.00
assume,6,6,16,2.67
action,2,1,16,16.00
acceptance,3,3,16,5.33
aberforth,5,3,16,5.33
xd,2,2,15,7.50
waste,1,1,15,15.00
vote,1,1,15,15.00
vestiges,1,1,15,15.00
version,7,5,15,3.00
vanquished,1,1,15,15.00
van,1,1,15,15.00
vacant,1,1,15,15.00
urged,1,1,15,15.00
unprecedented,1,1,15,15.00
tradition,1,1,15,15.00
tooth,1,1,15,15.00
tokens,1,1,15,15.00
thrust,1,1,15,15.00
texas,1,1,15,15.00
tea,6,5,15,3.00
tangible,1,1,15,15.00
sucked,1,1,15,15.00
spirit,1,1,15,15.00
spelling,2,2,15,7.50
span,1,1,15,15.00
shadowy,1,1,15,15.00
sens,1,1,15,15.00
senior,1,1,15,15.00
senate,8,1,15,15.00
screenshots,1,1,15,15.00
scalia,10,1,15,15.00
rubio,2,1,15,15.00
riowa,1,1,15,15.00
republicans,1,1,15,15.00
reposts,1,1,15,15.00
replacement,2,1,15,15.00
remained,1,1,15,15.00
relics,1,1,15,15.00
rejected,1,1,15,15.00
reid,1,1,15,15.00
quelled,1,1,15,15.00
puppy,1,1,15,15.00
puddle,1,1,15,15.00
prevent,1,1,15,15.00
presidential,1,1,15,15.00
played,5,5,15,3.00
plainly,1,1,15,15.00
places,4,4,15,3.75
pierce,1,1,15,15.00
paste,1,1,15,15.00
panel,1,1,15,15.00
owls,3,3,15,5.00
owe,1,1,15,15.00
occur,1,1,15,15.00
obama,1,1,15,15.00
notwithstanding,1,1,15,15.00
nominee,1,1,15,15.00
nominations,1,1,15,15.00
nomination,2,1,15,15.00
news,1,1,15,15.00
nation,1,1,15,15.00
murphy,1,1,15,15.00
mouth,2,2,15,7.50
monuments,1,1,15,15.00
monday,5,3,15,5.00
mix,3,3,15,5.00
mitch,1,1,15,15.00
minority,1,1,15,15.00
mcconnell,4,1,15,15.00
majority,1,1,15,15.00
lunen,1,1,15,15.00
lined,1,1,15,15.00
lay,1,1,15,15.00
kid,1,1,15,15.00
justice,5,1,15,15.00
judiciary,1,1,15,15.00
jpeged,1,1,15,15.00
jerkass,1,1,15,15.00
jacob,1,1,15,15.00
introduction,2,2,15,7.50
inching,1,1,15,15.00
imgur,1,1,15,15.00
hopes,1,1,15,15.00
honor,1,1,15,15.00
honestly,5,4,15,3.75
hints,3,3,15,5.00
highcourt,1,1,15,15.00
heirlooms,1,1,15,15.00
grassley,3,1,15,15.00
goyle,3,3,15,5.00
gof,5,5,15,3.00
gained,1,1,15,15.00
florida,1,1,15,15.00
floor,1,1,15,15.00
firmly,1,1,15,15.00
famously,1,1,15,15.00
eradicated,1,1,15,15.00
ensure,1,1,15,15.00
electronics,5,3,15,5.00
electric,4,2,15,7.50
edition,4,3,15,5.00
duty,1,1,15,15.00
dursleys,1,1,15,15.00
dudley,4,3,15,5.00
drag,1,1,15,15.00
dismantled,1,1,15,15.00
developed,3,3,15,5.00
democrats,1,1,15,15.00
darkness,1,1,15,15.00
cruz,3,1,15,15.00
courts,1,1,15,15.00
corner,2,2,15,7.50
contending,1,1,15,15.00
confirmation,3,1,15,15.00
confirm,1,1,15,15.00
committee,2,1,15,15.00
cold,1,1,15,15.00
closer,2,1,15,15.00
circumvent,1,1,15,15.00
chuck,1,1,15,15.00
chase,1,1,15,15.00
chairman,2,1,15,15.00
carrying,1,1,15,15.00
button,2,2,15,7.50
butler,1,1,15,15.00
bored,1,1,15,15.00
border,3,3,15,5.00
board,6,5,15,3.00
bluntly,1,1,15,15.00
block,2,1,15,15.00
beautiful,11,9,15,1.67
attaining,1,1,15,15.00
artifact,1,1,15,15.00
armageddon,1,1,15,15.00
appointment,1,1,15,15.00
antonin,1,1,15,15.00
antique,1,1,15,15.00
anchor,1,1,15,15.00
ambivalent,1,1,15,15.00
agenda,1,1,15,15.00
advice,3,3,15,5.00
worker,3,3,14,4.67
wikia,1,1,14,14.00
teaching,3,3,14,4.67
tap,3,3,14,4.67
suspicions,1,1,14,14.00
state,4,4,14,3.50
stairs,2,2,14,7.00
sometimes,6,6,14,2.33
snapelily,1,1,14,14.00
serpents,2,2,14,7.00
sees,5,3,14,4.67
reasoning,1,1,14,14.00
reality,2,2,14,7.00
potionsbut,1,1,14,14.00
positively,1,1,14,14.00
plus,1,1,14,14.00
picture,5,4,14,3.50
panic,1,1,14,14.00
odd,3,2,14,7.00
needed,4,4,14,3.50
moody,5,4,14,3.50
millicent,1,1,14,14.00
measurer,1,1,14,14.00
maintain,1,1,14,14.00
liked,5,5,14,2.80
jameslily,1,1,14,14.00
instrument,3,2,14,7.00
iimgurcomzdhp8ryjpg,1,1,14,14.00
household,4,2,14,7.00
heartbeat,1,1,14,14.00
games,6,4,14,3.50
fuck,4,4,14,3.50
filler,4,3,14,4.67
fastfood,1,1,14,14.00
effect,5,5,14,2.80
described,3,3,14,4.67
contains,2,2,14,7.00
connected,2,2,14,7.00
communication,4,2,14,7.00
child,7,7,14,2.00
cats,3,3,14,4.67
career,1,1,14,14.00
bulstrode,1,1,14,14.00
bully,4,4,14,3.50
american,3,3,14,4.67
alchemy,3,3,14,4.67
7,5,5,14,2.80
30,2,2,14,7.00
wise,6,5,13,2.60
watching,3,3,13,4.33
vision,2,2,13,6.50
useless,4,4,13,3.25
upside,2,2,13,6.50
upicklesmcgeezac,1,1,13,13.00
tiny,3,2,13,6.50
term,2,2,13,6.50
snep,1,1,13,13.00
round,4,3,13,4.33
ridikkulus,1,1,13,13.00
ridiculous,3,3,13,4.33
repair,6,4,13,3.25
relief,1,1,13,13.00
realise,1,1,13,13.00
quibbler,4,2,13,6.50
puts,3,3,13,4.33
privacy,2,2,13,6.50
presumably,2,2,13,6.50
physical,4,4,13,3.25
opening,4,2,13,6.50
occult,2,2,13,6.50
normally,2,2,13,6.50
month,4,3,13,4.33
message,3,2,13,6.50
lore,3,3,13,4.33
longbottoms,2,2,13,6.50
listening,2,2,13,6.50
incredibly,2,2,13,6.50
imo,3,3,13,4.33
hired,2,2,13,6.50
heavily,3,3,13,4.33
happening,4,4,13,3.25
ghosts,5,4,13,3.25
fiendfyre,10,3,13,4.33
essence,2,2,13,6.50
effects,3,3,13,4.33
directly,2,2,13,6.50
detailed,4,4,13,3.25
desire,2,2,13,6.50
dementor,2,2,13,6.50
danger,3,3,13,4.33
crabbe,3,3,13,4.33
coming,2,2,13,6.50
clarify,2,2,13,6.50
cell,2,2,13,6.50
burned,4,4,13,3.25
annotated,3,3,13,4.33
1000,1,1,13,13.00
wiki,5,5,12,2.40
west,2,2,12,6.00
water,1,1,12,12.00
vitreol,1,1,12,12.00
vague,1,1,12,12.00
utilizing,1,1,12,12.00
unforgivable,1,1,12,12.00
unconditionally,1,1,12,12.00
triangles,1,1,12,12.00
triangle,2,1,12,12.00
transform,3,3,12,4.00
target,4,4,12,3.00
symbol,6,1,12,12.00
strikes,1,1,12,12.00
stebbins,2,2,12,6.00
sound,4,4,12,3.00
slightest,2,2,12,6.00
site,1,1,12,12.00
sigils,1,1,12,12.00
showing,3,3,12,4.00
seals,1,1,12,12.00
rule,1,1,12,12.00
requires,3,3,12,4.00
represents,1,1,12,12.00
reminiscent,1,1,12,12.00
reach,1,1,12,12.00
quirky,1,1,12,12.00
protected,2,2,12,6.00
prophet,1,1,12,12.00
printed,1,1,12,12.00
planetary,1,1,12,12.00
per,5,5,12,2.40
pensive,2,2,12,6.00
opposites,2,2,12,6.00
nonsensical,1,1,12,12.00
mysterious,1,1,12,12.00
minalima,1,1,12,12.00
miles,1,1,12,12.00
met,5,5,12,2.40
lure,2,2,12,6.00
leadsaturn,1,1,12,12.00
issues,3,3,12,4.00
iron,1,1,12,12.00
inverted,1,1,12,12.00
introduced,1,1,12,12.00
intersecting,2,1,12,12.00
intelligence,2,2,12,6.00
ie,3,3,12,4.00
hesitate,1,1,12,12.00
heroism,3,2,12,6.00
hardly,2,2,12,6.00
grudge,1,1,12,12.00
glance,1,1,12,12.00
gift,4,3,12,4.00
gamp,4,3,12,4.00
fucking,5,5,12,2.40
format,1,1,12,12.00
flipped,1,1,12,12.00
fickle,1,1,12,12.00
feeding,2,2,12,6.00
esotericy,1,1,12,12.00
ends,7,3,12,4.00
empty,3,3,12,4.00
emotional,3,3,12,4.00
electronic,5,5,12,2.40
dust,3,3,12,4.00
dobby,3,3,12,4.00
dickish,1,1,12,12.00
devastated,3,3,12,4.00
designed,1,1,12,12.00
decisions,5,4,12,3.00
dates,1,1,12,12.00
daily,1,1,12,12.00
create,4,4,12,3.00
constantly,4,4,12,3.00
constant,2,2,12,6.00
cinnabar,1,1,12,12.00
charts,1,1,12,12.00
chain,2,2,12,6.00
caused,4,4,12,3.00
catch,5,5,12,2.40
careful,1,1,12,12.00
c,6,4,12,3.00
belonging,1,1,12,12.00
attempts,3,3,12,4.00
arts,3,3,12,4.00
articles,1,1,12,12.00
antics,1,1,12,12.00
alchemical,4,1,12,12.00
add,4,3,12,4.00
yep,2,2,11,5.50
woven,1,1,11,11.00
women,1,1,11,11.00
win,3,2,11,5.50
vanished,1,1,11,11.00
vane,1,1,11,11.00
usually,4,4,11,2.75
unpopular,2,2,11,5.50
undulating,1,1,11,11.00
ultimate,1,1,11,11.00
thickened,1,1,11,11.00
terrorizing,1,1,11,11.00
tail,1,1,11,11.00
study,2,2,11,5.50
studies,5,3,11,3.67
stream,2,1,11,11.00
stinks,1,1,11,11.00
steady,1,1,11,11.00
somebody,2,2,11,5.50
society,1,1,11,11.00
smoke,5,1,11,11.00
slowed,1,1,11,11.00
sir,3,2,11,5.50
set,6,6,11,1.83
serpent,2,1,11,11.00
seconds,1,1,11,11.00
satisfaction,1,1,11,11.00
rowling,3,3,11,3.67
romilda,1,1,11,11.00
replacements,1,1,11,11.00
puffs,1,1,11,11.00
promise,3,3,11,3.67
problems,4,4,11,2.75
presence,1,1,11,11.00
poverty,1,1,11,11.00
picking,1,1,11,11.00
pg,1,1,11,11.00
perspective,2,2,11,5.50
permanent,3,3,11,3.67
online,3,3,11,3.67
offices,3,3,11,3.67
observing,1,1,11,11.00
nonpure,1,1,11,11.00
noise,1,1,11,11.00
na,7,7,11,1.57
murmured,1,1,11,11.00
men,1,1,11,11.00
marrying,1,1,11,11.00
madjealous,1,1,11,11.00
loving,3,3,11,3.67
loud,3,3,11,3.67
location,4,4,11,2.75
jealous,1,1,11,11.00
instantly,1,1,11,11.00
improbable,1,1,11,11.00
iirc,2,2,11,5.50
ideas,4,2,11,5.50
hufflepuffs,4,3,11,3.67
heroes,3,3,11,3.67
haze,1,1,11,11.00
happiness,1,1,11,11.00
happier,1,1,11,11.00
greek,4,3,11,3.67
gentle,1,1,11,11.00
furrowed,1,1,11,11.00
formless,1,1,11,11.00
food,4,3,11,3.67
fixing,1,1,11,11.00
figured,1,1,11,11.00
fifth,3,3,11,3.67
faint,1,1,11,11.00
extensive,2,2,11,5.50
expect,5,5,11,2.20
eventually,9,4,11,2.75
enter,2,2,11,5.50
editions,4,4,11,2.75
eagerly,1,1,11,11.00
dursley,2,2,11,5.50
due,3,3,11,3.67
dragons,3,2,11,5.50
divided,1,1,11,11.00
difficult,4,3,11,3.67
dear,2,2,11,5.50
cross,3,3,11,3.67
courage,2,2,11,5.50
country,7,4,11,2.75
confirming,1,1,11,11.00
concerned,2,2,11,5.50
coiling,1,1,11,11.00
coiled,1,1,11,11.00
closely,1,1,11,11.00
clinking,1,1,11,11.00
cleaned,1,1,11,11.00
classics,3,2,11,5.50
choose,8,4,11,2.75
cauldron,3,3,11,3.67
build,1,1,11,11.00
brow,1,1,11,11.00
brawny,1,1,11,11.00
brainy,1,1,11,11.00
bloods,1,1,11,11.00
athleticism,1,1,11,11.00
arrogant,3,3,11,3.67
aira,1,1,11,11.00
affected,1,1,11,11.00
admitted,1,1,11,11.00
actively,1,1,11,11.00
6,3,3,11,3.67
470,1,1,11,11.00
write,2,2,10,5.00
whoever,3,3,10,3.33
umirgaine_life,2,2,10,5.00
tough,3,3,10,3.33
torturing,2,2,10,5.00
tickets,13,4,10,2.50
tattoos,1,1,10,10.00
surelywhy,2,2,10,5.00
strong,2,2,10,5.00
sticking,2,2,10,5.00
states,3,2,10,5.00
stag,1,1,10,10.00
shot,3,3,10,3.33
scrimgeur,4,2,10,5.00
ror,4,3,10,3.33
represented,1,1,10,10.00
remove,6,2,10,5.00
rat,3,2,10,5.00
qualities,2,2,10,5.00
price,3,3,10,3.33
pm,2,2,10,5.00
planned,2,2,10,5.00
pictures,4,3,10,3.33
paid,3,3,10,3.33
overall,2,2,10,5.00
nerve,2,2,10,5.00
mudbloods,1,1,10,10.00
missed,1,1,10,10.00
methods,3,3,10,3.33
messed,1,1,10,10.00
members,4,4,10,2.50
material,2,2,10,5.00
master,2,2,10,5.00
managed,2,2,10,5.00
local,5,4,10,2.50
level,6,2,10,5.00
jamessnape,1,1,10,10.00
j,2,2,10,5.00
including,3,3,10,3.33
idiot,2,2,10,5.00
high,3,3,10,3.33
healing,3,2,10,5.00
grown,2,2,10,5.00
glimpse,2,2,10,5.00
gerbil,2,2,10,5.00
forgive,4,2,10,5.00
exist,2,2,10,5.00
escaped,2,2,10,5.00
entertainment,1,1,10,10.00
enjoying,1,1,10,10.00
emotionally,1,1,10,10.00
disliked,2,2,10,5.00
direction,2,2,10,5.00
decent,3,3,10,3.33
deals,2,2,10,5.00
conjure,2,2,10,5.00
confused,4,4,10,2.50
claim,5,2,10,5.00
chess,2,2,10,5.00
certainly,5,5,10,2.00
cedric,4,3,10,3.33
capture,2,2,10,5.00
butterbeer,2,2,10,5.00
beginning,4,2,10,5.00
b,5,3,10,3.33
ashes,3,3,10,3.33
asap,1,1,10,10.00
appreciated,2,2,10,5.00
admiring,1,1,10,10.00
accept,3,3,10,3.33
13,2,2,10,5.00
zacharias,2,2,9,4.50
yup,3,2,9,4.50
ww2,1,1,9,9.00
worked,3,3,9,3.00
wire,3,2,9,4.50
walk,4,3,9,3.00
username,1,1,9,9.00
user,2,1,9,9.00
unrequited,1,1,9,9.00
unquestioning,1,1,9,9.00
understanding,4,2,9,4.50
trealawney,2,2,9,4.50
transfigure,2,2,9,4.50
tonight,2,2,9,4.50
ticket,3,3,9,3.00
throw,3,3,9,3.00
thick,1,1,9,9.00
sytherin,1,1,9,9.00
syltherin,1,1,9,9.00
surprisingly,2,2,9,4.50
succeed,1,1,9,9.00
student,4,4,9,2.25
stories,3,3,9,3.00
smith,3,2,9,4.50
slandered,1,1,9,9.00
shield,4,2,9,4.50
selected,2,2,9,4.50
secondly,1,1,9,9.00
sacrificed,2,2,9,4.50
rides,3,3,9,3.00
resurrection,1,1,9,9.00
restore,2,2,9,4.50
reparo,3,2,9,4.50
reminds,4,4,9,2.25
rely,1,1,9,9.00
relations,2,2,9,4.50
recently,2,2,9,4.50
realize,2,2,9,4.50
rails,1,1,9,9.00
qualified,1,1,9,9.00
pushes,1,1,9,9.00
punishment,2,2,9,4.50
psychopompious,1,1,9,9.00
present,2,2,9,4.50
playing,2,2,9,4.50
perform,2,2,9,4.50
passion,1,1,9,9.00
parseltounge,1,1,9,9.00
paranoid,1,1,9,9.00
paragraph,1,1,9,9.00
panicroom,1,1,9,9.00
paint,1,1,9,9.00
owner,3,2,9,4.50
nobody,4,4,9,2.25
nitpick,1,1,9,9.00
mythology,1,1,9,9.00
mythological,1,1,9,9.00
monster,1,1,9,9.00
mistaken,1,1,9,9.00
ministers,3,3,9,3.00
mere,2,2,9,4.50
measuring,2,2,9,4.50
match,3,3,9,3.00
martyr,1,1,9,9.00
mark,6,5,9,1.80
ludicrous,1,1,9,9.00
lower,1,1,9,9.00
lovely,4,4,9,2.25
leaving,2,2,9,4.50
john,4,2,9,4.50
internet,3,3,9,3.00
intelligent,2,2,9,4.50
influenced,3,3,9,3.00
illustrated,5,4,9,2.25
hoping,2,2,9,4.50
hats,4,3,9,3.00
hanging,3,3,9,3.00
gushfest,1,1,9,9.00
greater,3,2,9,4.50
ft,1,1,9,9.00
fellows,1,1,9,9.00
fears,2,2,9,4.50
fault,3,2,9,4.50
FALSE,1,1,9,9.00
ebay,3,3,9,3.00
drink,2,2,9,4.50
dream,2,2,9,4.50
datvikingtho,1,1,9,9.00
crouch,2,2,9,4.50
creatures,2,2,9,4.50
creature,2,2,9,4.50
correct,2,2,9,4.50
core,1,1,9,9.00
contain,2,2,9,4.50
connects,2,2,9,4.50
common,2,2,9,4.50
classiest,1,1,9,9.00
borderline,2,2,9,4.50
bonus,2,2,9,4.50
bigger,3,3,9,3.00
biased,1,1,9,9.00
bias,1,1,9,9.00
belonged,2,2,9,4.50
basilisks,1,1,9,9.00
aspect,1,1,9,9.00
appropriation,1,1,9,9.00
amelia,4,3,9,3.00
50,1,1,9,9.00
ymmv,1,1,8,8.00
writing,4,4,8,2.00
worst,4,4,8,2.00
wizardwitch,2,2,8,4.00
witnessing,1,1,8,8.00
wisdom,3,2,8,4.00
website,2,2,8,4.00
weakened,1,1,8,8.00
wayyyyyy,1,1,8,8.00
various,1,1,8,8.00
unhealthy,1,1,8,8.00
understands,3,2,8,4.00
triggers,1,1,8,8.00
tricky,1,1,8,8.00
trelawney,2,2,8,4.00
treacheryhufflepuffs,1,1,8,8.00
track,13,3,8,2.67
tonks,3,3,8,2.67
title,5,4,8,2.00
tin,1,1,8,8.00
threats,1,1,8,8.00
theoretical,1,1,8,8.00
theme,6,4,8,2.00
theater,4,2,8,4.00
targeted,1,1,8,8.00
taken,3,1,8,8.00
super,3,3,8,2.67
straw,2,2,8,4.00
straight,3,3,8,2.67
starts,2,1,8,8.00
spreading,2,2,8,4.00
special,4,4,8,2.00
slytherinlol,1,1,8,8.00
slythering,1,1,8,8.00
slugs,1,1,8,8.00
sleeze,1,1,8,8.00
skill,3,3,8,2.67
size,3,3,8,2.67
sicced,1,1,8,8.00
shack,2,2,8,4.00
severe,1,1,8,8.00
serving,1,1,8,8.00
sending,3,3,8,2.67
seething,1,1,8,8.00
seemed,3,3,8,2.67
sane,1,1,8,8.00
sacked,1,1,8,8.00
sabotage,1,1,8,8.00
risked,1,1,8,8.00
rescue,1,1,8,8.00
reminder,1,1,8,8.00
relistening,1,1,8,8.00
relied,1,1,8,8.00
releasing,2,2,8,4.00
redditors,2,2,8,4.00
recklessnot,1,1,8,8.00
reckless,1,1,8,8.00
realizing,1,1,8,8.00
quit,1,1,8,8.00
pushed,1,1,8,8.00
punchable,1,1,8,8.00
prudent,1,1,8,8.00
produce,2,2,8,4.00
proceed,1,1,8,8.00
proactive,1,1,8,8.00
previously,2,2,8,4.00
prevented,2,1,8,8.00
preexisting,1,1,8,8.00
possibility,1,1,8,8.00
possessions,1,1,8,8.00
possessed,1,1,8,8.00
pleasant,2,2,8,4.00
play,2,2,8,4.00
pettigrewthe,1,1,8,8.00
performing,1,1,8,8.00
pastimes,1,1,8,8.00
passed,2,2,8,4.00
passage,1,1,8,8.00
particularly,2,2,8,4.00
parseltonguewizard,1,1,8,8.00
parselmouthbias,1,1,8,8.00
parentage,1,1,8,8.00
overweight,1,1,8,8.00
originally,3,2,8,4.00
option,2,2,8,4.00
opposition,3,2,8,4.00
normal,3,3,8,2.67
newt,5,1,8,8.00
narrowly,1,1,8,8.00
muscle,1,1,8,8.00
mundane,1,1,8,8.00
mugglemagical,1,1,8,8.00
motivated,1,1,8,8.00
moon,4,4,8,2.00
mood,2,2,8,4.00
ministryalthough,1,1,8,8.00
max,1,1,8,8.00
map,3,3,8,2.67
male,2,2,8,4.00
madrakes,1,1,8,8.00
lucid,1,1,8,8.00
lowvoldemort,1,1,8,8.00
low,2,1,8,8.00
loop,1,1,8,8.00
literature,2,1,8,8.00
linguistic,1,1,8,8.00
letter,1,1,8,8.00
legilimens,1,1,8,8.00
leftover,1,1,8,8.00
leaders,2,2,8,4.00
kitchen,1,1,8,8.00
kiss,2,2,8,4.00
kish,1,1,8,8.00
justin,2,1,8,8.00
justified,1,1,8,8.00
jaw,2,2,8,4.00
involvement,1,1,8,8.00
invasions,1,1,8,8.00
introduces,2,2,8,4.00
infallible,1,1,8,8.00
indirectly,1,1,8,8.00
increasing,1,1,8,8.00
iimgurcomwuwuiz7jpg,1,1,8,8.00
ignored,1,1,8,8.00
hufflepuffnot,1,1,8,8.00
himchopped,1,1,8,8.00
hex,1,1,8,8.00
held,2,2,8,4.00
handkill,1,1,8,8.00
guyhowever,1,1,8,8.00
gryffindors,2,2,8,4.00
gripping,2,2,8,4.00
green,3,2,8,4.00
granted,1,1,8,8.00
governments,1,1,8,8.00
government,1,1,8,8.00
framed,3,3,8,2.67
fought,2,2,8,4.00
foreshadows,1,1,8,8.00
fits,2,2,8,4.00
fine,4,4,8,2.00
finchfletchley,2,1,8,8.00
finch,1,1,8,8.00
fic,1,1,8,8.00
fiasco,1,1,8,8.00
feat,1,1,8,8.00
fandom,2,2,8,4.00
fake,1,1,8,8.00
f0ck,1,1,8,8.00
everybody,3,3,8,2.67
eton,1,1,8,8.00
escapei,1,1,8,8.00
engaging,1,1,8,8.00
employer,1,1,8,8.00
earlier,4,4,8,2.00
distracting,1,1,8,8.00
diet,1,1,8,8.00
depressing,1,1,8,8.00
deplete,1,1,8,8.00
demonstrate,1,1,8,8.00
delivery,1,1,8,8.00
deductive,1,1,8,8.00
dating,2,2,8,4.00
culminates,1,1,8,8.00
crybaby,1,1,8,8.00
crookshanks,1,1,8,8.00
credibility,1,1,8,8.00
cowardly,1,1,8,8.00
cowardice,2,1,8,8.00
cousin,1,1,8,8.00
counts,1,1,8,8.00
counterpart,1,1,8,8.00
contrast,1,1,8,8.00
content,2,2,8,4.00
conjures,1,1,8,8.00
conclusion,1,1,8,8.00
concludes,1,1,8,8.00
conclude,1,1,8,8.00
conceited,1,1,8,8.00
communicating,1,1,8,8.00
communicated,1,1,8,8.00
colossal,1,1,8,8.00
closeminded,1,1,8,8.00
closed,3,3,8,2.67
clean,1,1,8,8.00
christmas,3,3,8,2.67
champion,1,1,8,8.00
caricatures,1,1,8,8.00
capabilities,1,1,8,8.00
bullshitting,1,1,8,8.00
bryce,1,1,8,8.00
broken,3,3,8,2.67
boxing,1,1,8,8.00
bookshelves,1,1,8,8.00
binns,2,1,8,8.00
betraying,1,1,8,8.00
battery,1,1,8,8.00
basics,1,1,8,8.00
baiters,1,1,8,8.00
backs,1,1,8,8.00
attack,3,2,8,4.00
aspire,1,1,8,8.00
appalling,1,1,8,8.00
accidentally,1,1,8,8.00
abandoned,1,1,8,8.00
_,1,1,8,8.00
6th,2,2,8,4.00
winter,1,1,7,7.00
winston,1,1,7,7.00
wins,1,1,7,7.00
winning,1,1,7,7.00
winner,1,1,7,7.00
welsh,2,1,7,7.00
weight,1,1,7,7.00
wands,1,1,7,7.00
wan,3,3,7,2.33
via,4,4,7,1.75
uvote_gravel,1,1,7,7.00
uroastedpeanut7,1,1,7,7.00
uoomps62,1,1,7,7.00
universe,4,4,7,1.75
understood,2,2,7,3.50
unblockable,1,1,7,7.00
ukoalakoalakoalaaa,1,1,7,7.00
ukiwias,1,1,7,7.00
ukemistreekat,1,1,7,7.00
uk9centipede,1,1,7,7.00
uk,1,1,7,7.00
ujefreem,1,1,7,7.00
uhermiones_teaspoon,1,1,7,7.00
uelbowsss,1,1,7,7.00
uacciointernets,1,1,7,7.00
tutshill,1,1,7,7.00
tragedies,1,1,7,7.00
tornados,1,1,7,7.00
thus,3,3,7,2.33
thatcher,1,1,7,7.00
terrorist,1,1,7,7.00
terrorism,1,1,7,7.00
tendency,2,2,7,3.50
technical,1,1,7,7.00
teams,2,1,7,7.00
system,5,2,7,3.50
successor,1,1,7,7.00
store,3,3,7,2.33
spreadsheets,1,1,7,7.00
spreadsheet,1,1,7,7.00
spend,2,2,7,3.50
spams,1,1,7,7.00
solution,1,1,7,7.00
solid,3,3,7,2.33
snuggle,2,2,7,3.50
snitch,1,1,7,7.00
slimy,3,2,7,3.50
silver,1,1,7,7.00
sight,1,1,7,7.00
shown,1,1,7,7.00
settings,1,1,7,7.00
selling,4,4,7,1.75
security,1,1,7,7.00
season,3,1,7,7.00
scrimguer,1,1,7,7.00
scores,1,1,7,7.00
sanity,1,1,7,7.00
rufus,1,1,7,7.00
rquidditch_world_cup,1,1,7,7.00
rounds,3,1,7,7.00
robin,1,1,7,7.00
road,1,1,7,7.00
ring,1,1,7,7.00
rich,4,3,7,2.33
reveals,2,1,7,7.00
reminisces,1,1,7,7.00
releasers,3,1,7,7.00
releaser,1,1,7,7.00
refused,2,2,7,3.50
refers,1,1,7,7.00
rebuild,1,1,7,7.00
reader,1,1,7,7.00
reaches,1,1,7,7.00
quiberon,1,1,7,7.00
quafflepunchers,1,1,7,7.00
quaffle,1,1,7,7.00
quacking,1,1,7,7.00
purebloods,4,3,7,2.33
pure,2,2,7,3.50
purchased,2,2,7,3.50
puddlemere,1,1,7,7.00
publicity,1,1,7,7.00
public,1,1,7,7.00
prob,1,1,7,7.00
pride,2,2,7,3.50
preordered,2,1,7,7.00
prefer,2,2,7,3.50
preceded,1,1,7,7.00
pli,1,1,7,7.00
player,1,1,7,7.00
phrase,1,1,7,7.00
philosophical,1,1,7,7.00
pay,4,4,7,1.75
paved,1,1,7,7.00
participates,1,1,7,7.00
participate,1,1,7,7.00
pains,1,1,7,7.00
outed,1,1,7,7.00
organise,1,1,7,7.00
obligated,1,1,7,7.00
objects,6,2,7,3.50
novels,2,2,7,3.50
novel,1,1,7,7.00
narrative,1,1,7,7.00
multiplayer,1,1,7,7.00
mst,1,1,7,7.00
mountain,1,1,7,7.00
moose,1,1,7,7.00
mod,1,1,7,7.00
ministries,1,1,7,7.00
millennium,1,1,7,7.00
meteorites,1,1,7,7.00
messenger,2,2,7,3.50
meetings,2,1,7,7.00
massive,2,2,7,3.50
margaret,1,1,7,7.00
march,1,1,7,7.00
luna,3,3,7,2.33
lowest,1,1,7,7.00
logic,3,3,7,2.33
lived,2,2,7,3.50
legendary,2,2,7,3.50
knowing,3,2,7,3.50
kingsley,1,1,7,7.00
junior,1,1,7,7.00
june,1,1,7,7.00
jerk,2,2,7,3.50
items,5,3,7,2.33
irc,1,1,7,7.00
invite,1,1,7,7.00
intentions,1,1,7,7.00
inherently,2,2,7,3.50
importing,1,1,7,7.00
hug,1,1,7,7.00
hour,1,1,7,7.00
holyhead,1,1,7,7.00
harpies,1,1,7,7.00
guard,1,1,7,7.00
gss,2,1,7,7.00
google,1,1,7,7.00
godric,4,3,7,2.33
goblins,1,1,7,7.00
glee,1,1,7,7.00
girlfriend,3,2,7,3.50
gameboard,1,1,7,7.00
frustrating,1,1,7,7.00
formal,1,1,7,7.00
foreign,2,1,7,7.00
force,1,1,7,7.00
foothold,1,1,7,7.00
fix,2,2,7,3.50
fitting,2,2,7,3.50
fighter,1,1,7,7.00
explanation,3,2,7,3.50
except,3,3,7,2.33
ethics,1,1,7,7.00
empathy,1,1,7,7.00
elder,1,1,7,7.00
egg,1,1,7,7.00
devoting,1,1,7,7.00
destroy,3,2,7,3.50
credence,3,2,7,3.50
count,1,1,7,7.00
coughs,1,1,7,7.00
cost,2,2,7,3.50
consists,1,1,7,7.00
concealing,1,1,7,7.00
complex,1,1,7,7.00
complaint,1,1,7,7.00
competing,1,1,7,7.00
comments,5,2,7,3.50
collude,1,1,7,7.00
collecting,3,3,7,2.33
collapsed,1,1,7,7.00
collapse,3,1,7,7.00
clever,2,2,7,3.50
churchill,1,1,7,7.00
chudley,1,1,7,7.00
chatroom,1,1,7,7.00
champions,1,1,7,7.00
chamberlain,1,1,7,7.00
centaurs,1,1,7,7.00
casting,1,1,7,7.00
cannons,1,1,7,7.00
candidate,1,1,7,7.00
bullet,1,1,7,7.00
building,3,3,7,2.33
brothersister,1,1,7,7.00
brockdale,1,1,7,7.00
bridge,6,1,7,7.00
brew,2,2,7,3.50
box,6,4,7,1.75
bludger,1,1,7,7.00
behrs,1,1,7,7.00
barrenheim,1,1,7,7.00
badger,12,2,7,3.50
awarded,1,1,7,7.00
atrocities,1,1,7,7.00
arrival,1,1,7,7.00
announces,1,1,7,7.00
announcements,1,1,7,7.00
analogy,1,1,7,7.00
amount,3,3,7,2.33
afterlives,2,2,7,3.50
afterlife,3,2,7,3.50
across,2,2,7,3.50
7pm,1,1,7,7.00
2000,1,1,7,7.00
1997,1,1,7,7.00
1990,1,1,7,7.00
18,1,1,7,7.00
womp,1,1,6,6.00
willow,1,1,6,6.00
whingings,1,1,6,6.00
whimper,1,1,6,6.00
weekly,1,1,6,6.00
weaker,2,2,6,3.00
warning,1,1,6,6.00
warn,1,1,6,6.00
waited,1,1,6,6.00
video,2,2,6,3.00
valuable,1,1,6,6.00
useful,3,3,6,2.00
uscifiparty,1,1,6,6.00
upholding,1,1,6,6.00
underworld,1,1,6,6.00
unable,2,2,6,3.00
umidnightdragon,1,1,6,6.00
ufeminist_cat,1,1,6,6.00
ucavelioness,1,1,6,6.00
ubesexe,1,1,6,6.00
twisted,2,1,6,6.00
trismegastis,3,1,6,6.00
tricksters,1,1,6,6.00
trickery,1,1,6,6.00
tribute,1,1,6,6.00
treats,1,1,6,6.00
treacherous,1,1,6,6.00
transformation,1,1,6,6.00
trampled,1,1,6,6.00
trade,1,1,6,6.00
trace,1,1,6,6.00
thoth,2,1,6,6.00
theories,1,1,6,6.00
theft,1,1,6,6.00
thanks,9,9,6,0.67
terms,4,4,6,1.50
temperature,1,1,6,6.00
teenager,1,1,6,6.00
teacher,3,2,6,3.00
syncretic,3,1,6,6.00
swap,1,1,6,6.00
suspected,1,1,6,6.00
sunday,1,1,6,6.00
submit,3,1,6,6.00
strategy,1,1,6,6.00
stole,2,2,6,3.00
stalking,1,1,6,6.00
staff,2,2,6,3.00
speaks,1,1,6,6.00
spare,2,2,6,3.00
sorcerer,4,4,6,1.50
sneaking,1,1,6,6.00
slowly,3,2,6,3.00
slightly,3,3,6,2.00
sketchy,1,1,6,6.00
sinister,2,2,6,3.00
simple,2,2,6,3.00
shrieking,1,1,6,6.00
shitload,1,1,6,6.00
shard,2,2,6,3.00
separate,1,1,6,6.00
select,1,1,6,6.00
seized,1,1,6,6.00
secrecy,1,1,6,6.00
scribes,2,1,6,6.00
scholars,1,1,6,6.00
ruthlessly,1,1,6,6.00
rooms,1,1,6,6.00
romans,1,1,6,6.00
rivals,1,1,6,6.00
risky,1,1,6,6.00
rhp,1,1,6,6.00
rharrypottercomments,1,1,6,6.00
results,2,1,6,6.00
reproachful,1,1,6,6.00
regular,2,2,6,3.00
recipe,2,2,6,3.00
receive,2,2,6,3.00
reborn,1,1,6,6.00
racism,2,2,6,3.00
quicker,1,1,6,6.00
psychopomps,1,1,6,6.00
protections,1,1,6,6.00
prophesy,2,2,6,3.00
promised,1,1,6,6.00
projects,1,1,6,6.00
professors,2,2,6,3.00
potentially,2,2,6,3.00
potential,2,2,6,3.00
posters,2,2,6,3.00
postcomment,1,1,6,6.00
poor,2,2,6,3.00
polar,1,1,6,6.00
pleading,1,1,6,6.00
players,1,1,6,6.00
performed,1,1,6,6.00
patrolled,1,1,6,6.00
participating,1,1,6,6.00
pair,2,2,6,3.00
p259,1,1,6,6.00
opposite,1,1,6,6.00
ok,2,2,6,3.00
october,1,1,6,6.00
ocean,2,2,6,3.00
obsessed,1,1,6,6.00
nullified,1,1,6,6.00
nightmarishly,1,1,6,6.00
nigel,1,1,6,6.00
newbiesnonquidditch,1,1,6,6.00
nearby,1,1,6,6.00
naming,1,1,6,6.00
mutual,1,1,6,6.00
mushrooms,3,1,6,6.00
mushroom,2,1,6,6.00
mudblood,2,2,6,3.00
moviething,1,1,6,6.00
minus,1,1,6,6.00
mile,1,1,6,6.00
method,1,1,6,6.00
merged,1,1,6,6.00
mercury,1,1,6,6.00
mentor,1,1,6,6.00
massmurdered,1,1,6,6.00
manipulation,2,2,6,3.00
manages,1,1,6,6.00
london,3,1,6,6.00
linked,1,1,6,6.00
leaves,1,1,6,6.00
learns,2,2,6,3.00
larger,1,1,6,6.00
keen,1,1,6,6.00
issuing,1,1,6,6.00
interested,4,4,6,1.50
instances,3,3,6,2.00
hut,2,2,6,3.00
hollow,1,1,6,6.00
hocruxes,1,1,6,6.00
hermaneutic,1,1,6,6.00
handful,1,1,6,6.00
hall,3,2,6,3.00
hahaha,2,2,6,3.00
guidance,1,1,6,6.00
greeks,2,1,6,6.00
greatly,1,1,6,6.00
grade,1,1,6,6.00
gorgeous,3,3,6,2.00
googled,1,1,6,6.00
gods,3,1,6,6.00
godhood,2,1,6,6.00
glowed,1,1,6,6.00
genius,2,2,6,3.00
forms,1,1,6,6.00
forcing,1,1,6,6.00
flow,2,2,6,3.00
fixes,2,2,6,3.00
fixed,4,3,6,2.00
finger,1,1,6,6.00
findingthemed,1,1,6,6.00
finding,1,1,6,6.00
finders,2,1,6,6.00
finder,1,1,6,6.00
figures,1,1,6,6.00
february,2,1,6,6.00
favoritism,4,2,6,3.00
favorites,2,2,6,3.00
fast,1,1,6,6.00
famed,1,1,6,6.00
exists,1,1,6,6.00
existence,1,1,6,6.00
existed,2,2,6,3.00
exchange,1,1,6,6.00
everlasting,1,1,6,6.00
est,1,1,6,6.00
escort,1,1,6,6.00
enchantments,1,1,6,6.00
egyptian,1,1,6,6.00
efficiently,1,1,6,6.00
edited,1,1,6,6.00
earned,2,2,6,3.00
douchebag,2,2,6,3.00
divinity,1,1,6,6.00
divine,1,1,6,6.00
dirty,2,2,6,3.00
diggory,1,1,6,6.00
derivative,1,1,6,6.00
deity,1,1,6,6.00
dealing,1,1,6,6.00
crying,1,1,6,6.00
creevey,1,1,6,6.00
convoluted,1,1,6,6.00
complicated,2,2,6,3.00
commence,1,1,6,6.00
combining,1,1,6,6.00
combined,1,1,6,6.00
collects,2,1,6,6.00
collect,1,1,6,6.00
coldly,1,1,6,6.00
coincidence,1,1,6,6.00
circuit,2,2,6,3.00
chosen,1,1,6,6.00
check,5,5,6,1.20
charged,1,1,6,6.00
challenge,6,1,6,6.00
captured,1,1,6,6.00
cannon,1,1,6,6.00
camel,1,1,6,6.00
brightly,1,1,6,6.00
bright,3,3,6,2.00
bravest,1,1,6,6.00
brain,3,2,6,3.00
bothers,2,2,6,3.00
bookish,1,1,6,6.00
blubbering,1,1,6,6.00
bloated,1,1,6,6.00
beware,1,1,6,6.00
benefit,2,2,6,3.00
baking,1,1,6,6.00
badgers,6,1,6,6.00
august,1,1,6,6.00
attention,2,2,6,3.00
assumption,1,1,6,6.00
artifacts,2,2,6,3.00
argues,1,1,6,6.00
applies,1,1,6,6.00
anytime,1,1,6,6.00
among,1,1,6,6.00
alternative,1,1,6,6.00
additional,1,1,6,6.00
actor,1,1,6,6.00
7th,1,1,6,6.00
75,1,1,6,6.00
34,2,2,6,3.00
21st,1,1,6,6.00
1927,1,1,6,6.00
17,1,1,6,6.00
11pm,1,1,6,6.00
0,1,1,6,6.00
youtubenl6cdfn2i3i,1,1,5,5.00
writer,1,1,5,5.00
ward,2,2,5,2.50
walks,2,2,5,2.50
visited,1,1,5,5.00
variety,1,1,5,5.00
upvotes,1,1,5,5.00
upstairs,1,1,5,5.00
underground,1,1,5,5.00
ucurious_rampage,1,1,5,5.00
trio,2,2,5,2.50
tongue,1,1,5,5.00
tl,1,1,5,5.00
tight,1,1,5,5.00
teachers,2,2,5,2.50
suppose,3,3,5,1.67
supported,2,2,5,2.50
stupid,2,2,5,2.50
storytelling,1,1,5,5.00
sigh,2,2,5,2.50
shipping,2,2,5,2.50
septimus,2,2,5,2.50
segregated,1,1,5,5.00
running,2,2,5,2.50
reversing,1,1,5,5.00
reservations,1,1,5,5.00
replacing,2,2,5,2.50
replace,2,2,5,2.50
rate,1,1,5,5.00
radio,1,1,5,5.00
racist,7,6,5,0.83
quip,1,1,5,5.00
questionable,2,2,5,2.50
quality,2,2,5,2.50
pun,1,1,5,5.00
psychic,1,1,5,5.00
prophecy,2,2,5,2.50
professional,2,2,5,2.50
poorly,2,2,5,2.50
pointed,1,1,5,5.00
pig,2,2,5,2.50
pictured,1,1,5,5.00
photo,1,1,5,5.00
perfume,1,1,5,5.00
perfectly,2,2,5,2.50
parts,3,3,5,1.67
pancakes,1,1,5,5.00
overcoming,1,1,5,5.00
older,2,2,5,2.50
offers,2,2,5,2.50
offering,2,2,5,2.50
offer,2,2,5,2.50
numbers,2,2,5,2.50
nope,3,2,5,2.50
moth,1,1,5,5.00
minutes,1,1,5,5.00
millimeter,1,1,5,5.00
meets,2,2,5,2.50
mcgonagall,1,1,5,5.00
manage,2,2,5,2.50
lyf,1,1,5,5.00
loathe,1,1,5,5.00
liquid,2,2,5,2.50
leg,2,2,5,2.50
laziness,1,1,5,5.00
king,2,2,5,2.50
kanye,1,1,5,5.00
jvl,1,1,5,5.00
item,2,2,5,2.50
invasion,1,1,5,5.00
international,1,1,5,5.00
inadmissible,1,1,5,5.00
iimgurcom1pejyesjpg,1,1,5,5.00
honorable,2,2,5,2.50
hitching,1,1,5,5.00
heap,2,2,5,2.50
hardback,2,2,5,2.50
golf,1,1,5,5.00
gamecube,2,2,5,2.50
frogs,1,1,5,5.00
fresh,1,1,5,5.00
franchise,1,1,5,5.00
finds,2,2,5,2.50
felix,2,2,5,2.50
felicis,2,2,5,2.50
fascinates,1,1,5,5.00
fall,2,2,5,2.50
explained,2,2,5,2.50
expand,2,2,5,2.50
entwined,1,1,5,5.00
enjoyable,2,2,5,2.50
enemies,3,3,5,1.67
ending,1,1,5,5.00
enchanted,1,1,5,5.00
effected,1,1,5,5.00
ebooks,3,3,5,1.67
dr,1,1,5,5.00
dogs,1,1,5,5.00
dna,1,1,5,5.00
dislikes,1,1,5,5.00
disgusting,2,2,5,2.50
discussion,2,2,5,2.50
describes,1,1,5,5.00
decade,1,1,5,5.00
crap,3,3,5,1.67
corresponding,1,1,5,5.00
closing,1,1,5,5.00
clap,1,1,5,5.00
chuckled,1,1,5,5.00
chocolate,4,3,5,1.67
chapters,3,3,5,1.67
briefly,1,1,5,5.00
bowtruckle,1,1,5,5.00
bothered,2,2,5,2.50
boston,2,2,5,2.50
benefits,2,2,5,2.50
backwards,1,1,5,5.00
background,1,1,5,5.00
azkaban,4,4,5,1.25
assumed,2,2,5,2.50
aspects,2,2,5,2.50
animagi,1,1,5,5.00
adorable,2,2,5,2.50
address,2,2,5,2.50
absence,1,1,5,5.00
wowing,1,1,4,4.00
worn,1,1,4,4.00
wood,1,1,4,4.00
wandwork,1,1,4,4.00
walkietalkies,1,1,4,4.00
wager,1,1,4,4.00
viewed,1,1,4,4.00
vibe,2,2,4,2.00
versus,1,1,4,4.00
vastly,1,1,4,4.00
urge,1,1,4,4.00
unrepenting,1,1,4,4.00
unpuff,1,1,4,4.00
unlikable,1,1,4,4.00
unicorn,1,1,4,4.00
understandable,1,1,4,4.00
unassuming,1,1,4,4.00
types,1,1,4,4.00
twoway,1,1,4,4.00
trunk,1,1,4,4.00
torch,3,3,4,1.33
token,1,1,4,4.00
throat,1,1,4,4.00
thrive,1,1,4,4.00
teen,1,1,4,4.00
technician,1,1,4,4.00
tears,1,1,4,4.00
tangents,1,1,4,4.00
talking,1,1,4,4.00
talent,2,2,4,2.00
symbolized,1,1,4,4.00
swoon,1,1,4,4.00
suspect,2,2,4,2.00
summer,2,2,4,2.00
suddenly,1,1,4,4.00
subreddit,1,1,4,4.00
stick,1,1,4,4.00
steal,2,2,4,2.00
standards,1,1,4,4.00
spoilery,1,1,4,4.00
spoilers,1,1,4,4.00
spies,1,1,4,4.00
spew,2,2,4,2.00
speakers,1,1,4,4.00
soup,1,1,4,4.00
sooner,2,2,4,2.00
snicket,1,1,4,4.00
smile,2,2,4,2.00
slaughter,1,1,4,4.00
situations,1,1,4,4.00
silly,2,2,4,2.00
significance,1,1,4,4.00
sides,1,1,4,4.00
shoes,2,2,4,2.00
shock,2,1,4,4.00
shatters,1,1,4,4.00
sharing,3,3,4,1.33
shape,2,2,4,2.00
shakespeare,1,1,4,4.00
serve,1,1,4,4.00
sells,1,1,4,4.00
sectumsempra,2,2,4,2.00
scaling,2,2,4,2.00
ruining,1,1,4,4.00
romantic,1,1,4,4.00
roman,1,1,4,4.00
rock,2,2,4,2.00
rid,1,1,4,4.00
reviews,2,2,4,2.00
returning,2,2,4,2.00
resounding,1,1,4,4.00
research,1,1,4,4.00
required,2,2,4,2.00
remembers,1,1,4,4.00
relate,2,2,4,2.00
regard,1,1,4,4.00
redeem,1,1,4,4.00
reasonable,1,1,4,4.00
realising,1,1,4,4.00
realises,1,1,4,4.00
rare,1,1,4,4.00
randomnly,1,1,4,4.00
randomly,1,1,4,4.00
raising,1,1,4,4.00
props,2,2,4,2.00
prints,3,3,4,1.33
preserves,1,1,4,4.00
precision,2,2,4,2.00
pot,1,1,4,4.00
polyjuice,1,1,4,4.00
pok,1,1,4,4.00
poisonous,1,1,4,4.00
philosophers,1,1,4,4.00
periods,1,1,4,4.00
peace,1,1,4,4.00
party,2,2,4,2.00
paragraphs,2,2,4,2.00
pagelong,1,1,4,4.00
owl,1,1,4,4.00
overarcing,1,1,4,4.00
outdoors,1,1,4,4.00
officials,1,1,4,4.00
oddball,1,1,4,4.00
occasions,1,1,4,4.00
observers,1,1,4,4.00
notes,1,1,4,4.00
none,2,2,4,2.00
nick,3,2,4,2.00
nastytasting,1,1,4,4.00
mum,1,1,4,4.00
mugglesquib,1,1,4,4.00
morgana,1,1,4,4.00
moral,4,4,4,1.00
missing,3,3,4,1.33
mirrors,1,1,4,4.00
miracle,1,1,4,4.00
minor,1,1,4,4.00
mighty,1,1,4,4.00
mess,1,1,4,4.00
mariachi,1,1,4,4.00
margins,1,1,4,4.00
manipulating,1,1,4,4.00
lucky,2,2,4,2.00
looting,1,1,4,4.00
loose,1,1,4,4.00
lonely,1,1,4,4.00
lion,1,1,4,4.00
lilly,3,1,4,4.00
liar,1,1,4,4.00
lemony,1,1,4,4.00
leads,2,2,4,2.00
languages,1,1,4,4.00
la,1,1,4,4.00
kik,1,1,4,4.00
judgement,1,1,4,4.00
integrating,1,1,4,4.00
insatiable,1,1,4,4.00
ingredients,1,1,4,4.00
ingredences,1,1,4,4.00
info,2,2,4,2.00
independent,1,1,4,4.00
importantly,1,1,4,4.00
impartial,1,1,4,4.00
imgurcomxxwk2uh,1,1,4,4.00
iimgurcomntlxuyhjpg,1,1,4,4.00
iimgurcom4jjafdxjpg,1,1,4,4.00
idk,1,1,4,4.00
idealism,1,1,4,4.00
iamhereiguess,1,1,4,4.00
husband,2,2,4,2.00
humiliate,1,1,4,4.00
hours,1,1,4,4.00
holders,1,1,4,4.00
hi,1,1,4,4.00
hey,2,2,4,2.00
hexed,1,1,4,4.00
hermeticism,1,1,4,4.00
hermetic,1,1,4,4.00
helga,1,1,4,4.00
harrys,1,1,4,4.00
hands,3,3,4,1.33
hair,1,1,4,4.00
guessed,1,1,4,4.00
gryffindorslytherin,1,1,4,4.00
groundskeeper,1,1,4,4.00
grandparents,4,3,4,1.33
gon,4,4,4,1.00
funsies,1,1,4,4.00
frustrated,1,1,4,4.00
friendship,1,1,4,4.00
frequents,1,1,4,4.00
frequent,1,1,4,4.00
forth,1,1,4,4.00
forgets,1,1,4,4.00
forefront,1,1,4,4.00
foolish,1,1,4,4.00
following,2,2,4,2.00
florid,1,1,4,4.00
floating,2,2,4,2.00
flip,1,1,4,4.00
flies,1,1,4,4.00
fletcher,1,1,4,4.00
fights,1,1,4,4.00
fey,1,1,4,4.00
fella,1,1,4,4.00
fatherfigure,1,1,4,4.00
facebook,2,2,4,2.00
expel,1,1,4,4.00
etymologies,1,1,4,4.00
eragon,1,1,4,4.00
enormously,1,1,4,4.00
english,2,2,4,2.00
engineering,1,1,4,4.00
endless,2,2,4,2.00
emotion,2,2,4,2.00
elements,2,2,4,2.00
electrician,1,1,4,4.00
eg,2,2,4,2.00
eating,1,1,4,4.00
earthier,1,1,4,4.00
dry,1,1,4,4.00
dreaded,1,1,4,4.00
drawing,1,1,4,4.00
douchy,1,1,4,4.00
dodgy,1,1,4,4.00
disconnected,1,1,4,4.00
difference,2,2,4,2.00
dichotomy,1,1,4,4.00
device,2,1,4,4.00
develop,2,2,4,2.00
delicate,2,2,4,2.00
decision,1,1,4,4.00
december,1,1,4,4.00
deaths,1,1,4,4.00
deatheaters,1,1,4,4.00
dangerous,2,1,4,4.00
crisis,1,1,4,4.00
cracked,1,1,4,4.00
corresponds,1,1,4,4.00
cooking,1,1,4,4.00
continuously,1,1,4,4.00
contenders,1,1,4,4.00
concentration,2,2,4,2.00
component,1,1,4,4.00
comparison,1,1,4,4.00
comparable,1,1,4,4.00
clubs,1,1,4,4.00
chunk,1,1,4,4.00
choices,1,1,4,4.00
ceremony,1,1,4,4.00
cant,3,3,4,1.33
cancel,1,1,4,4.00
calling,2,2,4,2.00
c3,1,1,4,4.00
broke,2,2,4,2.00
brewing,1,1,4,4.00
breath,1,1,4,4.00
bracketed,1,1,4,4.00
bounding,1,1,4,4.00
booksmovies,1,1,4,4.00
blind,1,1,4,4.00
birds,1,1,4,4.00
betrayal,2,1,4,4.00
behaviour,2,1,4,4.00
beg,1,1,4,4.00
beech,1,1,4,4.00
beats,1,1,4,4.00
awards,1,1,4,4.00
authors,1,1,4,4.00
asphodel,1,1,4,4.00
arrested,1,1,4,4.00
argument,1,1,4,4.00
appendix,1,1,4,4.00
apologises,1,1,4,4.00
answered,2,1,4,4.00
anger,2,1,4,4.00
amazon,2,2,4,2.00
affinity,1,1,4,4.00
affiliations,1,1,4,4.00
admired,1,1,4,4.00
adding,2,2,4,2.00
accounts,1,1,4,4.00
accidental,1,1,4,4.00
a9mon,1,1,4,4.00
37yearold,1,1,4,4.00
yknow,1,1,3,3.00
woohoo,1,1,3,3.00
woman,2,2,3,1.50
winners,1,1,3,3.00
winded,1,1,3,3.00
whew,1,1,3,3.00
wellneeded,1,1,3,3.00
welli,1,1,3,3.00
visible,1,1,3,3.00
villians,1,1,3,3.00
vilifies,1,1,3,3.00
vehemently,1,1,3,3.00
variables,1,1,3,3.00
vanishing,2,2,3,1.50
vancaro,1,1,3,3.00
uowlpostagain,1,1,3,3.00
unsuspecting,1,1,3,3.00
unsure,2,2,3,1.50
university,3,2,3,1.50
unfortunate,1,1,3,3.00
un,1,1,3,3.00
umbrigde,1,1,3,3.00
umbrella,1,1,3,3.00
ucoledarling,1,1,3,3.00
twist,2,2,3,1.50
twin,1,1,3,3.00
troll,1,1,3,3.00
trip,1,1,3,3.00
trauma,1,1,3,3.00
transfigures,1,1,3,3.00
training,2,2,3,1.50
traditional,2,1,3,3.00
tldr,1,1,3,3.00
tide,1,1,3,3.00
theatrical,1,1,3,3.00
tests,1,1,3,3.00
telling,2,2,3,1.50
taxpayers,1,1,3,3.00
sympathizer,1,1,3,3.00
succumb,1,1,3,3.00
subtle,3,2,3,1.50
subjects,1,1,3,3.00
structural,1,1,3,3.00
stringent,1,1,3,3.00
straightforward,1,1,3,3.00
stopped,2,2,3,1.50
stir,1,1,3,3.00
stave,1,1,3,3.00
staunch,1,1,3,3.00
spoke,1,1,3,3.00
spoiled,1,1,3,3.00
spent,1,1,3,3.00
spending,1,1,3,3.00
speech,1,1,3,3.00
space,1,1,3,3.00
solely,1,1,3,3.00
softback,1,1,3,3.00
socks,1,1,3,3.00
sneak,1,1,3,3.00
skip,2,2,3,1.50
sink,1,1,3,3.00
showerthoughts,1,1,3,3.00
shipped,1,1,3,3.00
seventh,1,1,3,3.00
sentimental,1,1,3,3.00
search,1,1,3,3.00
saving,1,1,3,3.00
salemers,1,1,3,3.00
sale,1,1,3,3.00
roughly,1,1,3,3.00
roofies,1,1,3,3.00
ritual,1,1,3,3.00
reversed,1,1,3,3.00
retrieving,2,1,3,3.00
restriction,1,1,3,3.00
restaurant,1,1,3,3.00
rest,3,3,3,1.00
reports,1,1,3,3.00
replication,1,1,3,3.00
renovating,1,1,3,3.00
relativism,1,1,3,3.00
relationship,1,1,3,3.00
references,1,1,3,3.00
reference,1,1,3,3.00
refer,1,1,3,3.00
raise,1,1,3,3.00
radical,1,1,3,3.00
racists,1,1,3,3.00
ra,2,2,3,1.50
questioned,1,1,3,3.00
quest,1,1,3,3.00
purists,1,1,3,3.00
purely,1,1,3,3.00
punished,1,1,3,3.00
pseudolatin,1,1,3,3.00
project,2,2,3,1.50
privy,1,1,3,3.00
prisoner,2,2,3,1.50
prepping,1,1,3,3.00
preowned,1,1,3,3.00
prediction,1,1,3,3.00
precedent,1,1,3,3.00
portrayed,1,1,3,3.00
plasma,1,1,3,3.00
photon,1,1,3,3.00
perversion,1,1,3,3.00
pathetic,4,4,3,0.75
parseltoungue,1,1,3,3.00
parselmouth,2,1,3,3.00
originals,1,1,3,3.00
ordering,1,1,3,3.00
omg,2,2,3,1.50
numerous,1,1,3,3.00
nomaj,3,2,3,1.50
nomad,2,2,3,1.50
nicer,1,1,3,3.00
neutral,1,1,3,3.00
nervousanxious,1,1,3,3.00
nervous,1,1,3,3.00
nee,1,1,3,3.00
music,5,2,3,1.50
mosquito,1,1,3,3.00
mortals,1,1,3,3.00
morfins,1,1,3,3.00
morbid,2,2,3,1.50
modern,1,1,3,3.00
metamorphmagus,3,1,3,3.00
mermish,1,1,3,3.00
meow,1,1,3,3.00
medals,1,1,3,3.00
matters,1,1,3,3.00
mary,1,1,3,3.00
marvolo,1,1,3,3.00
maintaining,1,1,3,3.00
mago,1,1,3,3.00
madam,3,2,3,1.50
lou,1,1,3,3.00
loss,1,1,3,3.00
locket,1,1,3,3.00
listen,3,3,3,1.00
liquids,1,1,3,3.00
limit,1,1,3,3.00
lestrange,2,2,3,1.50
legit,1,1,3,3.00
lease,1,1,3,3.00
leap,1,1,3,3.00
lazy,2,1,3,3.00
lawsuits,1,1,3,3.00
ladythigh,1,1,3,3.00
kickstarter,1,1,3,3.00
kedavera,1,1,3,3.00
katie,2,2,3,1.50
jailed,1,1,3,3.00
islander,1,1,3,3.00
invisible,2,1,3,3.00
interpret,1,1,3,3.00
intense,1,1,3,3.00
instore,1,1,3,3.00
institution,1,1,3,3.00
insecure,1,1,3,3.00
inquire,1,1,3,3.00
innocence,2,2,3,1.50
inner,1,1,3,3.00
innate,1,1,3,3.00
inherited,2,1,3,3.00
infiltration,1,1,3,3.00
indian,1,1,3,3.00
independence,1,1,3,3.00
inclination,1,1,3,3.00
inches,2,2,3,1.50
inanimate,1,1,3,3.00
impossible,1,1,3,3.00
imperius,2,2,3,1.50
illustrations,2,2,3,1.50
iimgurcomlzwjfnspng,1,1,3,3.00
hrs,1,1,3,3.00
housemate,1,1,3,3.00
hot,2,2,3,1.50
holiday,1,1,3,3.00
hits,2,2,3,1.50
hisses,1,1,3,3.00
hilarious,1,1,3,3.00
heir,1,1,3,3.00
healed,1,1,3,3.00
hates,1,1,3,3.00
harrytine,1,1,3,3.00
hangs,1,1,3,3.00
handsome,1,1,3,3.00
hah,1,1,3,3.00
growing,2,2,3,1.50
goneit,1,1,3,3.00
golden,1,1,3,3.00
gobbledygook,1,1,3,3.00
gaunt,1,1,3,3.00
gas,1,1,3,3.00
gamestop,1,1,3,3.00
freaking,1,1,3,3.00
founder,1,1,3,3.00
formed,1,1,3,3.00
forgave,1,1,3,3.00
flux,1,1,3,3.00
filthy,1,1,3,3.00
feather,2,2,3,1.50
fate,2,2,3,1.50
fasttrack,1,1,3,3.00
extras,1,1,3,3.00
extension,1,1,3,3.00
express,2,2,3,1.50
explaining,1,1,3,3.00
err,1,1,3,3.00
eres,1,1,3,3.00
equivalent,1,1,3,3.00
embraced,1,1,3,3.00
embrace,1,1,3,3.00
elves,1,1,3,3.00
electromagnetic,1,1,3,3.00
earlyneville,1,1,3,3.00
drown,1,1,3,3.00
draw,2,2,3,1.50
discovers,1,1,3,3.00
disappointed,2,2,3,1.50
direct,1,1,3,3.00
deviated,1,1,3,3.00
devastating,1,1,3,3.00
destruction,2,1,3,3.00
despair,2,2,3,1.50
descendant,1,1,3,3.00
defamation,1,1,3,3.00
deduce,1,1,3,3.00
cute,1,1,3,3.00
culi,1,1,3,3.00
crush,1,1,3,3.00
criticize,1,1,3,3.00
crew,1,1,3,3.00
creepy,2,2,3,1.50
creation,2,2,3,1.50
craigslist,1,1,3,3.00
counter,1,1,3,3.00
copied,1,1,3,3.00
contextually,1,1,3,3.00
construction,1,1,3,3.00
connection,2,2,3,1.50
comprised,1,1,3,3.00
compares,1,1,3,3.00
colours,1,1,3,3.00
colloportus,1,1,3,3.00
collections,1,1,3,3.00
co,1,1,3,3.00
club,1,1,3,3.00
choicesmistskes,1,1,3,3.00
checking,1,1,3,3.00
cheapest,1,1,3,3.00
champagne,1,1,3,3.00
cb,1,1,3,3.00
carries,1,1,3,3.00
cards,3,2,3,1.50
bs3,1,1,3,3.00
brunch,1,1,3,3.00
bribe,1,1,3,3.00
breaks,2,2,3,1.50
breaker,1,1,3,3.00
break,2,2,3,1.50
brat,1,1,3,3.00
bookstores,2,2,3,1.50
boils,1,1,3,3.00
bites,1,1,3,3.00
bid,1,1,3,3.00
becoming,1,1,3,3.00
beard,3,3,3,1.00
bear,1,1,3,3.00
bathroom,1,1,3,3.00
basing,1,1,3,3.00
aww,1,1,3,3.00
awhile,1,1,3,3.00
automatically,1,1,3,3.00
auror,1,1,3,3.00
attuned,1,1,3,3.00
attacking,1,1,3,3.00
attachment,2,1,3,3.00
assert,1,1,3,3.00
arranged,1,1,3,3.00
arguably,1,1,3,3.00
approach,1,1,3,3.00
apparent,1,1,3,3.00
app,1,1,3,3.00
analyze,1,1,3,3.00
alot,1,1,3,3.00
alohomora,1,1,3,3.00
allaround,1,1,3,3.00
aggressive,1,1,3,3.00
adopted,1,1,3,3.00
admire,1,1,3,3.00
acne,1,1,3,3.00
academic,1,1,3,3.00
absurdly,1,1,3,3.00
_lt,1,1,3,3.00
999,1,1,3,3.00
5th,1,1,3,3.00
2695,1,1,3,3.00
23,1,1,3,3.00
2.01111E+13,1,1,3,3.00
99,1,1,3,3.00
yellow,1,1,2,2.00
ya,2,2,2,1.00
wwwyoutubecomwatch,2,2,2,1.00
wwwkalaptrustorg,1,1,2,2.00
wwwimgurcomayneqt,1,1,2,2.00
wowthis,1,1,2,2.00
workers,1,1,2,2.00
wonderland,1,1,2,2.00
woah,1,1,2,2.00
wizardy,1,1,2,2.00
withdrawing,1,1,2,2.00
witchwizard,1,1,2,2.00
wires,1,1,2,2.00
wind,1,1,2,2.00
wilson,1,1,2,2.00
williams,2,1,2,2.00
wildfire,1,1,2,2.00
wielder,1,1,2,2.00
whenever,2,2,2,1.00
wellthought,1,1,2,2.00
wellca,1,1,2,2.00
waves,1,1,2,2.00
watchful,1,1,2,2.00
waswere,1,1,2,2.00
walls,1,1,2,2.00
waiting,1,1,2,2.00
wade,1,1,2,2.00
voices,1,1,2,2.00
visions,1,1,2,2.00
violins,3,1,2,2.00
violin,3,1,2,2.00
vile,1,1,2,2.00
view,2,1,2,2.00
venturing,1,1,2,2.00
urainholly42,1,1,2,2.00
units,1,1,2,2.00
understated,1,1,2,2.00
ulick,1,1,2,2.00
ujecsgirl,1,1,2,2.00
ugly,1,1,2,2.00
uelstren,1,1,2,2.00
twelve,1,1,2,2.00
tuition,1,1,2,2.00
tshirts,1,1,2,2.00
triwizard,1,1,2,2.00
trees,1,1,2,2.00
traumatized,1,1,2,2.00
tracks,3,1,2,2.00
toxic,1,1,2,2.00
tortured,1,1,2,2.00
tootp,1,1,2,2.00
tone,1,1,2,2.00
tolkien,1,1,2,2.00
thuds,1,1,2,2.00
thirteen,1,1,2,2.00
theaters,1,1,2,2.00
tentacles,1,1,2,2.00
tempo,1,1,2,2.00
teas,3,2,2,1.00
tear,1,1,2,2.00
teachertostudent,1,1,2,2.00
te,1,1,2,2.00
tavern,1,1,2,2.00
tat,1,1,2,2.00
tarot,1,1,2,2.00
tapestry,1,1,2,2.00
tapes,1,1,2,2.00
switzerland,1,1,2,2.00
switch,1,1,2,2.00
swishy,1,1,2,2.00
sweets,1,1,2,2.00
superior,2,2,2,1.00
suggestion,1,1,2,2.00
suggested,1,1,2,2.00
sufficient,1,1,2,2.00
successful,1,1,2,2.00
subsequent,1,1,2,2.00
studio,1,1,2,2.00
studentfacilitated,1,1,2,2.00
studenst,1,1,2,2.00
strums,2,1,2,2.00
structure,1,1,2,2.00
strongest,1,1,2,2.00
stores,2,1,2,2.00
stops,1,1,2,2.00
stealing,1,1,2,2.00
st,1,1,2,2.00
squadfilch,1,1,2,2.00
sports,2,2,2,1.00
spat,1,1,2,2.00
sparing,1,1,2,2.00
spanish,1,1,2,2.00
sourceid,1,1,2,2.00
soundtracks,2,1,2,2.00
soundtrack,2,1,2,2.00
song,1,1,2,2.00
soldiers,1,1,2,2.00
snapes,1,1,2,2.00
snap,1,1,2,2.00
smashes,1,1,2,2.00
slur,1,1,2,2.00
slug,1,1,2,2.00
slipping,1,1,2,2.00
slander,1,1,2,2.00
skipping,1,1,2,2.00
skin,5,2,2,1.00
sizeshape,1,1,2,2.00
singing,1,1,2,2.00
silmarillion,1,1,2,2.00
silent,1,1,2,2.00
signs,1,1,2,2.00
significant,2,2,2,1.00
sidebar,1,1,2,2.00
sid,1,1,2,2.00
shop,1,1,2,2.00
ship,1,1,2,2.00
shed,1,1,2,2.00
sharp,2,1,2,2.00
shady,1,1,2,2.00
sets,1,1,2,2.00
session,1,1,2,2.00
seattle,1,1,2,2.00
seal,1,1,2,2.00
scraps,1,1,2,2.00
scholastic,1,1,2,2.00
scenes,1,1,2,2.00
scenery,1,1,2,2.00
scarf,1,1,2,2.00
scale,1,1,2,2.00
save,1,1,2,2.00
savant,1,1,2,2.00
saucers,1,1,2,2.00
saturday,1,1,2,2.00
sampler,2,2,2,1.00
sake,1,1,2,2.00
safe,1,1,2,2.00
ruthlessness,1,1,2,2.00
rush,1,1,2,2.00
ruined,1,1,2,2.00
rowena,1,1,2,2.00
rosmerta,2,1,2,2.00
rose,1,1,2,2.00
rings,1,1,2,2.00
rewatching,1,1,2,2.00
revolves,1,1,2,2.00
reuse,2,1,2,2.00
return,5,2,2,1.00
retro,2,1,2,2.00
retread,1,1,2,2.00
restroom,1,1,2,2.00
restricted,1,1,2,2.00
responds,1,1,2,2.00
researching,1,1,2,2.00
request,1,1,2,2.00
replies,1,1,2,2.00
repairs,1,1,2,2.00
repairo,2,1,2,2.00
remaining,1,1,2,2.00
relatives,2,2,2,1.00
relative,1,1,2,2.00
region,1,1,2,2.00
redeemable,1,1,2,2.00
recover,1,1,2,2.00
realizes,1,1,2,2.00
readers,2,2,2,1.00
reacts,1,1,2,2.00
reacted,1,1,2,2.00
reaching,1,1,2,2.00
rawr,1,1,2,2.00
raw,1,1,2,2.00
ratios,1,1,2,2.00
ras,1,1,2,2.00
raping,1,1,2,2.00
quaffles,1,1,2,2.00
qamp,1,1,2,2.00
pursuit,1,1,2,2.00
pulling,1,1,2,2.00
pull,1,1,2,2.00
pudding,1,1,2,2.00
proved,1,1,2,2.00
proud,1,1,2,2.00
program,1,1,2,2.00
prepared,1,1,2,2.00
predictions,1,1,2,2.00
predict,1,1,2,2.00
praised,1,1,2,2.00
practicing,1,1,2,2.00
portus,1,1,2,2.00
pool,1,1,2,2.00
political,2,2,2,1.00
policing,1,1,2,2.00
pogo,1,1,2,2.00
plgop24464amp,1,1,2,2.00
plausible,1,1,2,2.00
plaamp,1,1,2,2.00
pity,2,2,2,1.00
pine,1,1,2,2.00
photographer,1,1,2,2.00
personality,2,2,2,1.00
personalities,1,1,2,2.00
period,1,1,2,2.00
peeled,1,1,2,2.00
pedestal,1,1,2,2.00
pause,1,1,2,2.00
patrick,1,1,2,2.00
passiveaggressive,1,1,2,2.00
particles,2,1,2,2.00
partial,1,1,2,2.00
park,1,1,2,2.00
paper,1,1,2,2.00
panties,1,1,2,2.00
package,4,1,2,2.00
owns,1,1,2,2.00
owners,1,1,2,2.00
owned,1,1,2,2.00
overreaction,1,1,2,2.00
outskirts,1,1,2,2.00
outlet,1,1,2,2.00
optimism,1,1,2,2.00
opens,1,1,2,2.00
op,1,1,2,2.00
ompst,1,1,2,2.00
oily,1,1,2,2.00
ocd,1,1,2,2.00
nutella,1,1,2,2.00
nostalgia,1,1,2,2.00
nights,1,1,2,2.00
nicholas,1,1,2,2.00
nevilles,1,1,2,2.00
neverending,1,1,2,2.00
necklace,2,1,2,2.00
nauseous,1,1,2,2.00
nailed,1,1,2,2.00
murtlap,1,1,2,2.00
murderers,1,1,2,2.00
motion,2,1,2,2.00
morsmordre,1,1,2,2.00
monumental,1,1,2,2.00
modify,1,1,2,2.00
modesty,1,1,2,2.00
mmm,1,1,2,2.00
mm,1,1,2,2.00
misunderstand,1,1,2,2.00
mistook,1,1,2,2.00
milimeter,1,1,2,2.00
meeting,2,2,2,1.00
medium,1,1,2,2.00
mckinnons,1,1,2,2.00
matching,1,1,2,2.00
married,3,2,2,1.00
marauders,1,1,2,2.00
magnets,1,1,2,2.00
madeye,1,1,2,2.00
louder,1,1,2,2.00
listens,1,1,2,2.00
lions,1,1,2,2.00
lines,2,2,2,1.00
likedloved,1,1,2,2.00
lettering,1,1,2,2.00
lesson,1,1,2,2.00
lent,1,1,2,2.00
leniency,1,1,2,2.00
legs,1,1,2,2.00
legacy,1,1,2,2.00
leather,1,1,2,2.00
learning,1,1,2,2.00
laugh,1,1,2,2.00
kicks,1,1,2,2.00
kalap,1,1,2,2.00
k_clickid,1,1,2,2.00
justdiabolical,1,1,2,2.00
jump,1,1,2,2.00
judgment,1,1,2,2.00
journal,1,1,2,2.00
jazzlike,1,1,2,2.00
jars,1,1,2,2.00
jar,1,1,2,2.00
jams,1,1,2,2.00
jacket,1,1,2,2.00
jackass,1,1,2,2.00
jabba,1,1,2,2.00
issueperhaps,1,1,2,2.00
inventions,1,1,2,2.00
inventing,1,1,2,2.00
invent,1,1,2,2.00
introvert,1,1,2,2.00
introspective,1,1,2,2.00
intimate,1,1,2,2.00
interpretation,2,2,2,1.00
interferes,1,1,2,2.00
interests,1,1,2,2.00
intensiveness,1,1,2,2.00
instruments,1,1,2,2.00
instigate,1,1,2,2.00
inquisitorial,1,1,2,2.00
indicative,1,1,2,2.00
india,1,1,2,2.00
inconsolable,1,1,2,2.00
incoming,2,2,2,1.00
includes,1,1,2,2.00
improve,2,1,2,2.00
implementation,1,1,2,2.00
immensely,1,1,2,2.00
imgurcommxfxn4s,1,1,2,2.00
iimgurcomvyulvcsjpg,1,1,2,2.00
iimgurcomsvrwdxtpng,1,1,2,2.00
iimgurcomsv5bvytjpg,1,1,2,2.00
iimgurcom6upicevjpg,1,1,2,2.00
identify,1,1,2,2.00
ibooks,2,2,2,1.00
hypothesizing,1,1,2,2.00
hungry,2,1,2,2.00
hundreds,1,1,2,2.00
humorous,1,1,2,2.00
hugs,1,1,2,2.00
hufflehugs,1,1,2,2.00
hubris,1,1,2,2.00
hpthemed,1,1,2,2.00
horrifying,1,1,2,2.00
hopeless,1,1,2,2.00
hopefully,1,1,2,2.00
hooper,2,1,2,2.00
homage,1,1,2,2.00
holidays,1,1,2,2.00
holding,1,1,2,2.00
holder,1,1,2,2.00
hog,1,1,2,2.00
hills,1,1,2,2.00
hedwig,1,1,2,2.00
hearts,1,1,2,2.00
hear,1,1,2,2.00
harps,1,1,2,2.00
harp,1,1,2,2.00
hardcover,1,1,2,2.00
happily,1,1,2,2.00
handpainted,1,1,2,2.00
handling,1,1,2,2.00
habit,1,1,2,2.00
guessing,1,1,2,2.00
guarded,1,1,2,2.00
gryff,1,1,2,2.00
grows,1,1,2,2.00
grounds,1,1,2,2.00
grandmother,1,1,2,2.00
grades,1,1,2,2.00
google_amp,1,1,2,2.00
goodwill,1,1,2,2.00
gobbledegook,1,1,2,2.00
glory,1,1,2,2.00
girl,1,1,2,2.00
giggle,1,1,2,2.00
gigantic,1,1,2,2.00
ghibli,1,1,2,2.00
german,1,1,2,2.00
generation,1,1,2,2.00
gatsby,1,1,2,2.00
galleon,1,1,2,2.00
funny,1,1,2,2.00
frozen,1,1,2,2.00
froglike,1,1,2,2.00
frog,1,1,2,2.00
free,1,1,2,2.00
frankly,1,1,2,2.00
fourteen,1,1,2,2.00
followers,1,1,2,2.00
foe,1,1,2,2.00
fly,1,1,2,2.00
flood,1,1,2,2.00
firewhiskey,1,1,2,2.00
finish,1,1,2,2.00
fifteen,1,1,2,2.00
feltcher,1,1,2,2.00
fellytone,1,1,2,2.00
fellow,1,1,2,2.00
fee,1,1,2,2.00
featuring,1,1,2,2.00
faster,1,1,2,2.00
fascinated,1,1,2,2.00
farting,1,1,2,2.00
farewell,1,1,2,2.00
fanfiction,2,2,2,1.00
fallible,1,1,2,2.00
failure,1,1,2,2.00
facinatingly,1,1,2,2.00
extraordinary,1,1,2,2.00
expression,1,1,2,2.00
exhibit,1,1,2,2.00
excursions,1,1,2,2.00
exceptional,1,1,2,2.00
evading,1,1,2,2.00
etsy,2,2,2,1.00
essentially,1,1,2,2.00
equipment,1,1,2,2.00
episodes,2,2,2,1.00
epic,1,1,2,2.00
environment,1,1,2,2.00
enhance,1,1,2,2.00
energy,1,1,2,2.00
enchanting,1,1,2,2.00
employed,1,1,2,2.00
emotionallycowardly,1,1,2,2.00
emma,1,1,2,2.00
embark,2,1,2,2.00
elf,1,1,2,2.00
elaborate,2,2,2,1.00
eileen,1,1,2,2.00
eight,1,1,2,2.00
efforts,1,1,2,2.00
effort,1,1,2,2.00
eeriness,1,1,2,2.00
east,1,1,2,2.00
earns,1,1,2,2.00
ean,1,1,2,2.00
dwelling,1,1,2,2.00
dvd,1,1,2,2.00
durmstrang,1,1,2,2.00
dunno,1,1,2,2.00
dungeons,2,1,2,2.00
draught,1,1,2,2.00
draining,1,1,2,2.00
dqw4w9wgxcq,1,1,2,2.00
doyle,1,1,2,2.00
dorms,1,1,2,2.00
doomed,1,1,2,2.00
distraught,1,1,2,2.00
distorted,1,1,2,2.00
discussions,1,1,2,2.00
didwas,1,1,2,2.00
dhending,1,1,2,2.00
devices,1,1,2,2.00
desplat,1,1,2,2.00
despise,1,1,2,2.00
desires,1,1,2,2.00
designwise,1,1,2,2.00
depend,1,1,2,2.00
dem,1,1,2,2.00
defiance,1,1,2,2.00
deeds,1,1,2,2.00
decides,1,1,2,2.00
daytoday,1,1,2,2.00
days,1,1,2,2.00
date,1,1,2,2.00
daresay,1,1,2,2.00
daniel,1,1,2,2.00
da,1,1,2,2.00
cymbal,1,1,2,2.00
cuz,1,1,2,2.00
cutest,1,1,2,2.00
currently,1,1,2,2.00
cruddy,1,1,2,2.00
crescendo,2,1,2,2.00
creator,1,1,2,2.00
crashing,1,1,2,2.00
courses,1,1,2,2.00
costume,1,1,2,2.00
corridors,1,1,2,2.00
cormac,1,1,2,2.00
cookies,1,1,2,2.00
conveying,1,1,2,2.00
controlled,1,1,2,2.00
contribute,1,1,2,2.00
context,1,1,2,2.00
consideration,2,2,2,1.00
considerable,1,1,2,2.00
congrats,1,1,2,2.00
confusion,1,1,2,2.00
condone,1,1,2,2.00
concocting,1,1,2,2.00
concern,2,1,2,2.00
composition,1,1,2,2.00
composers,1,1,2,2.00
components,1,1,2,2.00
complete,1,1,2,2.00
competitor,1,1,2,2.00
competent,1,1,2,2.00
compassionate,1,1,2,2.00
compare,1,1,2,2.00
colorful,2,1,2,2.00
collectors,1,1,2,2.00
collector,2,1,2,2.00
coast,1,1,2,2.00
clothes,1,1,2,2.00
clicked,1,1,2,2.00
classes,1,1,2,2.00
ci3obbgxol,1,1,2,2.00
choir,2,1,2,2.00
checkwrite,1,1,2,2.00
chants,1,1,2,2.00
chant,1,1,2,2.00
chances,1,1,2,2.00
centered,1,1,2,2.00
cellos,1,1,2,2.00
cave,1,1,2,2.00
cauldrons,1,1,2,2.00
car,1,1,2,2.00
capacity,1,1,2,2.00
calming,1,1,2,2.00
calculated,1,1,2,2.00
buzzfeed,1,1,2,2.00
business,1,1,2,2.00
bushes,1,1,2,2.00
bunnies,1,1,2,2.00
bulletin,2,2,2,1.00
builds,1,1,2,2.00
btw,1,1,2,2.00
broomsticks,1,1,2,2.00
brings,2,2,2,1.00
bringing,1,1,2,2.00
brief,1,1,2,2.00
bravo,2,1,2,2.00
boy,2,2,2,1.00
bowl,1,1,2,2.00
bound,1,1,2,2.00
boulder,1,1,2,2.00
borrowed,1,1,2,2.00
boards,1,1,2,2.00
blank,1,1,2,2.00
blamed,1,1,2,2.00
blabla,1,1,2,2.00
blab,1,1,2,2.00
benefited,1,1,2,2.00
bell,1,1,2,2.00
begins,1,1,2,2.00
begin,1,1,2,2.00
bass,1,1,2,2.00
basin,1,1,2,2.00
bare,1,1,2,2.00
bangin,1,1,2,2.00
bang,1,1,2,2.00
badass,1,1,2,2.00
backstory,1,1,2,2.00
award,1,1,2,2.00
available,1,1,2,2.00
autograph,1,1,2,2.00
auroreo,2,2,2,1.00
audio,1,1,2,2.00
attached,1,1,2,2.00
atop,1,1,2,2.00
assumptions,1,1,2,2.00
artwork,2,2,2,1.00
arse,1,1,2,2.00
arcos,3,1,2,2.00
appendices,1,1,2,2.00
apparel,1,1,2,2.00
apparate,1,1,2,2.00
apologize,1,1,2,2.00
anybody,1,1,2,2.00
answers,1,1,2,2.00
angers,1,1,2,2.00
amazimg,1,1,2,2.00
alluring,1,1,2,2.00
allow,1,1,2,2.00
alice,1,1,2,2.00
alexandre,1,1,2,2.00
albumtrackscomposer,1,1,2,2.00
album,1,1,2,2.00
alas,1,1,2,2.00
ahhh,1,1,2,2.00
ahha,1,1,2,2.00
aggravated,1,1,2,2.00
ages,1,1,2,2.00
adventure,1,1,2,2.00
advanced,1,1,2,2.00
admits,1,1,2,2.00
addresses,1,1,2,2.00
adaptation,1,1,2,2.00
adapt,1,1,2,2.00
activities,1,1,2,2.00
ace,1,1,2,2.00
accessory,1,1,2,2.00
acceptable,1,1,2,2.00
3x24464,1,1,2,2.00
2sid,1,1,2,2.00
28,1,1,2,2.00
25,1,1,2,2.00
2007,1,1,2,2.00
0849803058586amp,1,1,2,2.00
0,1,1,2,2.00
yay,1,1,1,1.00
xeno,1,1,1,1.00
writes,1,1,1,1.00
wozard,1,1,1,1.00
worried,1,1,1,1.00
worldit,1,1,1,1.00
woods,1,1,1,1.00
witchwe,1,1,1,1.00
wishlist,3,1,1,1.00
wing,1,1,1,1.00
window,1,1,1,1.00
willynilly,1,1,1,1.00
whoops,1,1,1,1.00
whiney,1,1,1,1.00
whereas,1,1,1,1.00
weighs,1,1,1,1.00
wearing,1,1,1,1.00
weakfudge,1,1,1,1.00
wavered,1,1,1,1.00
warm,1,1,1,1.00
wandering,1,1,1,1.00
vincent,1,1,1,1.00
vein,1,1,1,1.00
vaults,1,1,1,1.00
vast,1,1,1,1.00
valentines,1,1,1,1.00
utf8amp,1,1,1,1.00
usso,1,1,1,1.00
usnogkingstebbins,1,1,1,1.00
userid,1,1,1,1.00
updates,1,1,1,1.00
upcoming,1,1,1,1.00
unsuccessful,1,1,1,1.00
unreliable,1,1,1,1.00
unreal,1,1,1,1.00
unitevoldemort,1,1,1,1.00
ungrateful,1,1,1,1.00
unforseen,1,1,1,1.00
underrepresented,1,1,1,1.00
unanswered,1,1,1,1.00
typo,1,1,1,1.00
twice,1,1,1,1.00
turing,1,1,1,1.00
truck,1,1,1,1.00
trod,1,1,1,1.00
trivia,1,1,1,1.00
trek,1,1,1,1.00
treasure,1,1,1,1.00
transfiguration,1,1,1,1.00
transferring,1,1,1,1.00
tragedy,1,1,1,1.00
touches,1,1,1,1.00
tolerate,1,1,1,1.00
toast,1,1,1,1.00
tix,1,1,1,1.00
tit,1,1,1,1.00
ticketmaster,1,1,1,1.00
tiara,1,1,1,1.00
throwing,1,1,1,1.00
themed,1,1,1,1.00
tfw,1,1,1,1.00
textbooks,1,1,1,1.00
test,1,1,1,1.00
temper,1,1,1,1.00
teeth,1,1,1,1.00
ted,1,1,1,1.00
tech,2,1,1,1.00
teaspoon,1,1,1,1.00
teaamp,1,1,1,1.00
tasteand,1,1,1,1.00
tag,1,1,1,1.00
sync,1,1,1,1.00
surge,1,1,1,1.00
supple,1,1,1,1.00
sunk,1,1,1,1.00
summoning,1,1,1,1.00
summonedbut,1,1,1,1.00
suck,2,2,1,0.50
stuck,1,1,1,1.00
strongly,1,1,1,1.00
startup,1,1,1,1.00
star,1,1,1,1.00
stained,1,1,1,1.00
sr_gallery_30,1,1,1,1.00
spotted,1,1,1,1.00
spoons,1,1,1,1.00
spoiler,1,1,1,1.00
sphere,1,1,1,1.00
somewhat,1,1,1,1.00
somerville,1,1,1,1.00
solve,1,1,1,1.00
snout,1,1,1,1.00
sneer,1,1,1,1.00
smelled,1,1,1,1.00
slang,1,1,1,1.00
sits,2,2,1,0.50
sisters,1,1,1,1.00
shuld,1,1,1,1.00
shout,1,1,1,1.00
shift,1,1,1,1.00
service,1,1,1,1.00
september,1,1,1,1.00
seller,2,1,1,1.00
selfpitying,1,1,1,1.00
selfish,1,1,1,1.00
section,1,1,1,1.00
secretary,1,1,1,1.00
secluded,1,1,1,1.00
script,1,1,1,1.00
scenariobut,1,1,1,1.00
scared,1,1,1,1.00
sample,1,1,1,1.00
salacious,1,1,1,1.00
ruthless,1,1,1,1.00
rpottermorewritings,1,1,1,1.00
rocking,1,1,1,1.00
rise,1,1,1,1.00
review,1,1,1,1.00
retaliate,1,1,1,1.00
responded,1,1,1,1.00
resident,1,1,1,1.00
require,1,1,1,1.00
requesting,1,1,1,1.00
represent,1,1,1,1.00
reposting,1,1,1,1.00
remembralls,1,1,1,1.00
release,1,1,1,1.00
relabel,1,1,1,1.00
reimagination,1,1,1,1.00
rehearsals,1,1,1,1.00
rehearsal,1,1,1,1.00
registered,2,1,1,1.00
register,1,1,1,1.00
regarding,1,1,1,1.00
refuse,1,1,1,1.00
refunded,1,1,1,1.00
ref,1,1,1,1.00
redditers,1,1,1,1.00
red,1,1,1,1.00
recommend,1,1,1,1.00
recognizes,1,1,1,1.00
recognized,1,1,1,1.00
recognition,1,1,1,1.00
received,2,2,1,0.50
rebound,1,1,1,1.00
readseen,1,1,1,1.00
rdueling,1,1,1,1.00
raised,1,1,1,1.00
rage,1,1,1,1.00
quill,1,1,1,1.00
quibblo,1,1,1,1.00
query,1,1,1,1.00
puns,1,1,1,1.00
psyche,1,1,1,1.00
prompts,1,1,1,1.00
principle,1,1,1,1.00
prey,1,1,1,1.00
pranks,1,1,1,1.00
practice,1,1,1,1.00
poured,1,1,1,1.00
postdeathly,1,1,1,1.00
pop,1,1,1,1.00
pointless,1,1,1,1.00
podcast,1,1,1,1.00
pockets,1,1,1,1.00
poa,1,1,1,1.00
pls,1,1,1,1.00
pleased,1,1,1,1.00
planning,1,1,1,1.00
placement,1,1,1,1.00
pixar,1,1,1,1.00
pitied,1,1,1,1.00
pirate,1,1,1,1.00
petrify,1,1,1,1.00
persuade,1,1,1,1.00
passing,1,1,1,1.00
passes,1,1,1,1.00
partly,1,1,1,1.00
parties,1,1,1,1.00
parsletounge,1,1,1,1.00
paris,1,1,1,1.00
palely,1,1,1,1.00
ownership,1,1,1,1.00
oversight,1,1,1,1.00
override,1,1,1,1.00
overcome,1,1,1,1.00
outgoing,1,1,1,1.00
oughtn,1,1,1,1.00
ot,1,1,1,1.00
onto,1,1,1,1.00
omfg,1,1,1,1.00
oliver,1,1,1,1.00
offense,1,1,1,1.00
oc,1,1,1,1.00
observations,1,1,1,1.00
obliviated,1,1,1,1.00
obliviate,1,1,1,1.00
objectsnothing,1,1,1,1.00
notified,1,1,1,1.00
noticeable,1,1,1,1.00
notably,1,1,1,1.00
notable,1,1,1,1.00
nods,1,1,1,1.00
noble,1,1,1,1.00
nimax,2,1,1,1.00
nicki,1,1,1,1.00
netflix,1,1,1,1.00
narration,1,1,1,1.00
narraters,1,1,1,1.00
narrated,1,1,1,1.00
narrate,1,1,1,1.00
nargles,1,1,1,1.00
myrtle,1,1,1,1.00
mulciber,1,1,1,1.00
mugglemuggleborn,1,1,1,1.00
mug,1,1,1,1.00
mothers,2,1,1,1.00
most_relevantamp,1,1,1,1.00
monthly,1,1,1,1.00
moderate,1,1,1,1.00
moaning,1,1,1,1.00
misinterpretation,1,1,1,1.00
miserably,1,1,1,1.00
miserable,2,1,1,1.00
minded,1,1,1,1.00
minaj,1,1,1,1.00
millions,1,1,1,1.00
miller,1,1,1,1.00
micechat,1,1,1,1.00
mental,1,1,1,1.00
mediamerlin,1,1,1,1.00
meanwhile,1,1,1,1.00
mattered,1,1,1,1.00
maths,1,1,1,1.00
mask,1,1,1,1.00
marketable,1,1,1,1.00
malfunction,1,1,1,1.00
malfoys,1,1,1,1.00
maleficient,1,1,1,1.00
macnair,1,1,1,1.00
macabregoblin,1,1,1,1.00
lt,3,1,1,1.00
lovegood,1,1,1,1.00
listings,1,1,1,1.00
listeneven,1,1,1,1.00
limits,1,1,1,1.00
library,1,1,1,1.00
lessons,1,1,1,1.00
leisure,1,1,1,1.00
legitimate,1,1,1,1.00
laughs,1,1,1,1.00
kumquats,1,1,1,1.00
kings,1,1,1,1.00
kabbalah,1,1,1,1.00
jokes,1,1,1,1.00
jewelry,1,1,1,1.00
iveread,1,1,1,1.00
ithe,1,1,1,1.00
itching,1,1,1,1.00
irked,1,1,1,1.00
iphone,1,1,1,1.00
inviting,1,1,1,1.00
invading,1,1,1,1.00
intramurals,1,1,1,1.00
intntl,1,1,1,1.00
interact,1,1,1,1.00
instructions,1,1,1,1.00
insane,1,1,1,1.00
initial,1,1,1,1.00
inform,1,1,1,1.00
inexplicably,1,1,1,1.00
inconceivable,1,1,1,1.00
imprint,1,1,1,1.00
impressive,1,1,1,1.00
implications,1,1,1,1.00
imitation,1,1,1,1.00
imgurcompfbezsa,1,1,1,1.00
imaginary,2,1,1,1.00
imaginable,1,1,1,1.00
ilvermony,1,1,1,1.00
iimgurcomg7y7rrzjpg,1,1,1,1.00
iimgurcom7h3pfuyjpg,1,1,1,1.00
ideals,1,1,1,1.00
id,1,1,1,1.00
humiliates,1,1,1,1.00
humble,1,1,1,1.00
humans,1,1,1,1.00
hourglass,1,1,1,1.00
hospital,1,1,1,1.00
honey,1,1,1,1.00
holes,1,1,1,1.00
hippogriffs,1,1,1,1.00
hippogriff,1,1,1,1.00
hindrance,1,1,1,1.00
himher,1,1,1,1.00
higher,1,1,1,1.00
hidingan,1,1,1,1.00
hiddenwhen,1,1,1,1.00
hermonie,1,1,1,1.00
hearing,1,1,1,1.00
health,1,1,1,1.00
heads,1,1,1,1.00
headcanon,1,1,1,1.00
harryfavoritism,1,1,1,1.00
halfbloods,1,1,1,1.00
hade,1,1,1,1.00
gurdyroot,1,1,1,1.00
guarantee,1,1,1,1.00
groups,1,1,1,1.00
greet,1,1,1,1.00
greatgrandparents,1,1,1,1.00
glass,1,1,1,1.00
glaring,1,1,1,1.00
girls,1,1,1,1.00
giantsmagical,1,1,1,1.00
gamorrean,1,1,1,1.00
galleryamp,1,1,1,1.00
ga_view_type,1,1,1,1.00
ga_search_type,1,1,1,1.00
ga_search_query,1,1,1,1.00
ga_order,1,1,1,1.00
funniest,1,1,1,1.00
funeral,1,1,1,1.00
fueled,1,1,1,1.00
forest,2,1,1,1.00
forbidden,1,1,1,1.00
fool,1,1,1,1.00
flitwick,1,1,1,1.00
flaws,1,1,1,1.00
flashlight,1,1,1,1.00
fixture,1,1,1,1.00
fireworks,1,1,1,1.00
financial,1,1,1,1.00
fills,1,1,1,1.00
fiction,1,1,1,1.00
fics,1,1,1,1.00
female,1,1,1,1.00
feeble,1,1,1,1.00
featured,1,1,1,1.00
fearswe,1,1,1,1.00
fawkes,1,1,1,1.00
fawcett,1,1,1,1.00
fairytale,1,1,1,1.00
faeries,1,1,1,1.00
fabulous,1,1,1,1.00
ezra,1,1,1,1.00
explicitly,1,1,1,1.00
explicit,1,1,1,1.00
expensive,1,1,1,1.00
excited,1,1,1,1.00
exasperatedly,1,1,1,1.00
evidently,1,1,1,1.00
eve,1,1,1,1.00
equals,2,1,1,1.00
enlightened,1,1,1,1.00
engine,1,1,1,1.00
enchantment,1,1,1,1.00
employee,1,1,1,1.00
elude,1,1,1,1.00
elevate,1,1,1,1.00
elaborated,1,1,1,1.00
eff,1,1,1,1.00
education,1,1,1,1.00
edit252,1,1,1,1.00
ebony,1,1,1,1.00
ears,1,1,1,1.00
e,1,1,1,1.00
duke,2,2,1,0.50
dropped,1,1,1,1.00
drives,1,1,1,1.00
dramatic,1,1,1,1.00
dp_olp_0,1,1,1,1.00
download,1,1,1,1.00
dollars,2,1,1,1.00
diy,1,1,1,1.00
disservice,1,1,1,1.00
disjointed,1,1,1,1.00
disillusionment,1,1,1,1.00
disappointing,1,1,1,1.00
director,1,1,1,1.00
dining,1,1,1,1.00
digital,1,1,1,1.00
difficulties,1,1,1,1.00
didnt,1,1,1,1.00
diadem,1,1,1,1.00
desktop,1,1,1,1.00
designs,1,1,1,1.00
deserves,1,1,1,1.00
depends,1,1,1,1.00
depending,1,1,1,1.00
demonstrated,1,1,1,1.00
deliberately,1,1,1,1.00
decrees,1,1,1,1.00
decadestechnology,1,1,1,1.00
data,1,1,1,1.00
darn,1,1,1,1.00
customer,1,1,1,1.00
cultural,1,1,1,1.00
crumb,1,1,1,1.00
crime,1,1,1,1.00
creperie,1,1,1,1.00
creative,1,1,1,1.00
counterpoints,1,1,1,1.00
copout,1,1,1,1.00
convinced,1,1,1,1.00
conversations,1,1,1,1.00
contrary,1,1,1,1.00
continent,1,1,1,1.00
contemplating,1,1,1,1.00
consisting,1,1,1,1.00
consistently,1,1,1,1.00
conscious,1,1,1,1.00
confuse,1,1,1,1.00
condition,1,1,1,1.00
concerns,1,1,1,1.00
comprise,1,1,1,1.00
comprehend,2,1,1,1.00
compiled,1,1,1,1.00
commented,1,1,1,1.00
commemorate,1,1,1,1.00
commander,1,1,1,1.00
colors,1,1,1,1.00
color,5,2,1,0.50
collective,1,1,1,1.00
coat,1,1,1,1.00
click,1,1,1,1.00
classic,1,1,1,1.00
chuckle,1,1,1,1.00
cheapened,1,1,1,1.00
charles,1,1,1,1.00
charge,1,1,1,1.00
century,1,1,1,1.00
center,1,1,1,1.00
catharsis,1,1,1,1.00
carriages,1,1,1,1.00
cabinet,1,1,1,1.00
butter,1,1,1,1.00
bursting,1,1,1,1.00
burrow,1,1,1,1.00
burberry,1,1,1,1.00
built,2,2,1,0.50
brothers,1,1,1,1.00
brookline,1,1,1,1.00
broadcast,1,1,1,1.00
bro,1,1,1,1.00
breakfast,1,1,1,1.00
brb,1,1,1,1.00
boyd,1,1,1,1.00
bookstore,1,1,1,1.00
boggarts,1,1,1,1.00
boat,1,1,1,1.00
bluesilver,1,1,1,1.00
bloody,1,1,1,1.00
bitten,1,1,1,1.00
birthday,1,1,1,1.00
beverages,1,1,1,1.00
belittling,1,1,1,1.00
believes,3,3,1,0.33
beliefs,1,1,1,1.00
beforehand,1,1,1,1.00
beer,1,1,1,1.00
battleship,1,1,1,1.00
base,1,1,1,1.00
barnes,1,1,1,1.00
balls,1,1,1,1.00
ball,1,1,1,1.00
balanced,1,1,1,1.00
balance,2,1,1,1.00
avery,1,1,1,1.00
auditions,1,1,1,1.00
attest,1,1,1,1.00
atg,1,1,1,1.00
ate,1,1,1,1.00
assignment,1,1,1,1.00
assassination,1,1,1,1.00
ass,1,1,1,1.00
aspiring,1,1,1,1.00
aspires,1,1,1,1.00
asheswe,1,1,1,1.00
art,2,2,1,0.50
army,1,1,1,1.00
announce,1,1,1,1.00
animated,2,1,1,1.00
andromeda,1,1,1,1.00
analogies,1,1,1,1.00
alright,1,1,1,1.00
allowing,1,1,1,1.00
allegiance,1,1,1,1.00
allamp,1,1,1,1.00
algorithm,2,1,1,1.00
aimless,1,1,1,1.00
afterward,1,1,1,1.00
admires,1,1,1,1.00
admirable,1,1,1,1.00
acts,1,1,1,1.00
actress,1,1,1,1.00
acknowledge,1,1,1,1.00
accuses,1,1,1,1.00
accio,1,1,1,1.00
accepting,1,1,1,1.00
abut,1,1,1,1.00
abuot,1,1,1,1.00
__,1,1,1,1.00
7206,1,1,1,1.00
6600,1,1,1,1.00
56,1,1,1,1.00
4th,1,1,1,1.00
412,1,1,1,1.00
327324ar,1,1,1,1.00
250,1,1,1,1.00
20webjpg,1,1,1,1.00
20the,1,1,1,1.00
20th,1,1,1,1.00
20redrawn,1,1,1,1.00
20of,1,1,1,1.00
20hebrews,1,1,1,1.00
208,1,1,1,1.00
20,2,1,1,1.00
1the,1,1,1,1.00
1520,1,1,1,1.00
1499,1,1,1,1.00
11yearold,1,1,1,1.00
1182,1,1,1,1.00
844,1,1,1,1.00
500,1,1,1,1.00
343,1,1,1,1.00
20,1,1,1,1.00
themes,1,1,0,0.00
shallow,1,1,0,0.00
satisfactory,1,1,0,0.00
relevant,2,2,0,0.00
merits,1,1,0,0.00
lrsneqani3k,1,1,0,0.00
insisted,2,2,0,0.00
inconsistent,1,1,0,0.00
incoherent,1,1,0,0.00
hillary,1,1,0,0.00
eh,1,1,0,0.00
desperate,3,2,0,0.00
critically,1,1,0,0.00
compliments,2,2,0,0.00
clickbait,1,1,0,0.00
camping,1,1,0,0.00
bc,1,1,0,0.00
awkward,1,1,0,0.00
askaban,1,1,0,0.00
adapting,1,1,0,0.00
adaptations,1,1,0,0.00
Word, Frequency, Comment Frequency, Net Score,#VALUE!
wiping,1,1,-1,-1.00
sweat,1,1,-1,-1.00
siding,1,1,-1,-1.00
scientists,2,1,-1,-1.00
presented,2,1,-1,-1.00
pointing,1,1,-1,-1.00
oo,3,2,-1,-0.50
minds,1,1,-1,-1.00
loser,1,1,-1,-1.00
inferior,1,1,-1,-1.00
hundred,1,1,-1,-1.00
hpmor,1,1,-1,-1.00
forehead,1,1,-1,-1.00
exceptionally,2,1,-1,-1.00
environments,1,1,-1,-1.00
began,1,1,-1,-1.00
accepted,1,1,-1,-1.00
jpeg,1,1,-3,-3.00
deleted,2,2,-4,-2.00
thats,3,3,-6,-2.00
ten,2,2,-6,-3.00
threehundred,1,1,-7,-7.00
theres,2,2,-7,-3.50
lame,1,1,-7,-7.00
isnt,2,2,-7,-3.50
fortynine,1,1,-7,-7.00
bill,2,2,-7,-3.50
rotten,2,2,-8,-4.00
noticed,3,3,-9,-3.00
dick,9,4,-9,-2.25
hitlers,2,1,-10,-10.00
hitler,2,1,-10,-10.00
apple,1,1,-10,-10.00
activist,1,1,-10,-10.00
whoop,1,1,-16,-16.00
puny,1,1,-16,-16.00
observation,2,1,-16,-16.00
observant,1,1,-16,-16.00
failing,1,1,-16,-16.00
egos,1,1,-16,-16.00
downvotes,1,1,-16,-16.00
dee,1,1,-16,-16.00
coddled,1,1,-16,-16.00